marca,linea,referencia,forma,superficie,superficie_marca,perfil_marca,volumen_cc,base_cm,altura_cm,proyeccion_cm,arco_cm,gel,catalogo,pagina,notas
Silimed,Redondos,255 XH,redonda,sin especificar,,XH (Extra High),255,9.2,9.2,5.6,7.8,,Aportado sin referencia de catálogo,,Superficie y línea sin especificar en el origen
Silimed,Redondos,225 HI,redonda,sin especificar,,HI (High),225,9.2,9.2,4.8,7.2,,Aportado sin referencia de catálogo,,Superficie y línea sin especificar en el origen
Silimed,Redondos,190 MD,redonda,sin especificar,,MD (Moderate),190,9.2,9.2,4.0,6.7,,Aportado sin referencia de catálogo,,Superficie y línea sin especificar en el origen
Silimed,Redondos,155 LO,redonda,sin especificar,,LO (Low),155,9.2,9.2,3.2,6.2,,Aportado sin referencia de catálogo,,Superficie y línea sin especificar en el origen
Silimed,Redondos,280 XH,redonda,sin especificar,,XH (Extra High),280,9.5,9.5,5.7,8.0,,Aportado sin referencia de catálogo,,Superficie y línea sin especificar en el origen
Silimed,Redondos,245 HI,redonda,sin especificar,,HI (High),245,9.5,9.5,4.9,7.3,,Aportado sin referencia de catálogo,,Superficie y línea sin especificar en el origen
Silimed,Redondos,205 MD,redonda,sin especificar,,MD (Moderate),205,9.5,9.5,4.1,6.8,,Aportado sin referencia de catálogo,,Superficie y línea sin especificar en el origen
Silimed,Redondos,170 LO,redonda,sin especificar,,LO (Low),170,9.5,9.5,3.3,6.4,,Aportado sin referencia de catálogo,,Superficie y línea sin especificar en el origen
Silimed,Redondos,305 XH,redonda,sin especificar,,XH (Extra High),305,9.8,9.8,5.8,8.4,,Aportado sin referencia de catálogo,,Superficie y línea sin especificar en el origen
Silimed,Redondos,270 HI,redonda,sin especificar,,HI (High),270,9.8,9.8,5.0,7.6,,Aportado sin referencia de catálogo,,Superficie y línea sin especificar en el origen
Silimed,Redondos,225 MD,redonda,sin especificar,,MD (Moderate),225,9.8,9.8,4.2,7.0,,Aportado sin referencia de catálogo,,Superficie y línea sin especificar en el origen
Silimed,Redondos,185 LO,redonda,sin especificar,,LO (Low),185,9.8,9.8,3.4,6.6,,Aportado sin referencia de catálogo,,Superficie y línea sin especificar en el origen
Silimed,Redondos,325 XH,redonda,sin especificar,,XH (Extra High),325,10.1,10.1,5.9,8.6,,Aportado sin referencia de catálogo,,Superficie y línea sin especificar en el origen
Silimed,Redondos,285 HI,redonda,sin especificar,,HI (High),285,10.1,10.1,5.1,7.8,,Aportado sin referencia de catálogo,,Superficie y línea sin especificar en el origen
Silimed,Redondos,240 MD,redonda,sin especificar,,MD (Moderate),240,10.1,10.1,4.3,7.2,,Aportado sin referencia de catálogo,,Superficie y línea sin especificar en el origen
Silimed,Redondos,200 LO,redonda,sin especificar,,LO (Low),200,10.1,10.1,3.5,6.8,,Aportado sin referencia de catálogo,,Superficie y línea sin especificar en el origen
Silimed,Redondos,360 XH,redonda,sin especificar,,XH (Extra High),360,10.4,10.4,6.0,8.8,,Aportado sin referencia de catálogo,,Superficie y línea sin especificar en el origen
Silimed,Redondos,305 HI,redonda,sin especificar,,HI (High),305,10.4,10.4,5.2,8.1,,Aportado sin referencia de catálogo,,Superficie y línea sin especificar en el origen
Silimed,Redondos,255 MD,redonda,sin especificar,,MD (Moderate),255,10.4,10.4,4.4,7.4,,Aportado sin referencia de catálogo,,Superficie y línea sin especificar en el origen
Silimed,Redondos,215 LO,redonda,sin especificar,,LO (Low),215,10.4,10.4,3.6,7.0,,Aportado sin referencia de catálogo,,Superficie y línea sin especificar en el origen
Silimed,Redondos,380 XH,redonda,sin especificar,,XH (Extra High),380,10.7,10.7,6.1,9.0,,Aportado sin referencia de catálogo,,Superficie y línea sin especificar en el origen
Silimed,Redondos,335 HI,redonda,sin especificar,,HI (High),335,10.7,10.7,5.3,8.3,,Aportado sin referencia de catálogo,,Superficie y línea sin especificar en el origen
Silimed,Redondos,280 MD,redonda,sin especificar,,MD (Moderate),280,10.7,10.7,4.5,7.6,,Aportado sin referencia de catálogo,,Superficie y línea sin especificar en el origen
Silimed,Redondos,240 LO,redonda,sin especificar,,LO (Low),240,10.7,10.7,3.7,7.2,,Aportado sin referencia de catálogo,,Superficie y línea sin especificar en el origen
Silimed,Redondos,410 XH,redonda,sin especificar,,XH (Extra High),410,11.0,11.0,6.2,9.1,,Aportado sin referencia de catálogo,,Superficie y línea sin especificar en el origen
Silimed,Redondos,365 HI,redonda,sin especificar,,HI (High),365,11.0,11.0,5.4,8.5,,Aportado sin referencia de catálogo,,Superficie y línea sin especificar en el origen
Silimed,Redondos,305 MD,redonda,sin especificar,,MD (Moderate),305,11.0,11.0,4.6,7.8,,Aportado sin referencia de catálogo,,Superficie y línea sin especificar en el origen
Silimed,Redondos,260 LO,redonda,sin especificar,,LO (Low),260,11.0,11.0,3.8,7.4,,Aportado sin referencia de catálogo,,Superficie y línea sin especificar en el origen
Silimed,Redondos,430 XH,redonda,sin especificar,,XH (Extra High),430,11.3,11.3,6.3,9.2,,Aportado sin referencia de catálogo,,Superficie y línea sin especificar en el origen
Silimed,Redondos,390 HI,redonda,sin especificar,,HI (High),390,11.3,11.3,5.5,8.6,,Aportado sin referencia de catálogo,,Superficie y línea sin especificar en el origen
Silimed,Redondos,330 MD,redonda,sin especificar,,MD (Moderate),330,11.3,11.3,4.7,8.0,,Aportado sin referencia de catálogo,,Superficie y línea sin especificar en el origen
Silimed,Redondos,275 LO,redonda,sin especificar,,LO (Low),275,11.3,11.3,3.9,7.5,,Aportado sin referencia de catálogo,,Superficie y línea sin especificar en el origen
Silimed,Redondos,470 XH,redonda,sin especificar,,XH (Extra High),470,11.6,11.6,6.4,9.4,,Aportado sin referencia de catálogo,,Superficie y línea sin especificar en el origen
Silimed,Redondos,420 HI,redonda,sin especificar,,HI (High),420,11.6,11.6,5.6,8.8,,Aportado sin referencia de catálogo,,Superficie y línea sin especificar en el origen
Silimed,Redondos,350 MD,redonda,sin especificar,,MD (Moderate),350,11.6,11.6,4.8,8.2,,Aportado sin referencia de catálogo,,Superficie y línea sin especificar en el origen
Silimed,Redondos,305 LO,redonda,sin especificar,,LO (Low),305,11.6,11.6,4.0,7.7,,Aportado sin referencia de catálogo,,Superficie y línea sin especificar en el origen
Silimed,Redondos,500 XH,redonda,sin especificar,,XH (Extra High),500,11.9,11.9,6.5,9.6,,Aportado sin referencia de catálogo,,Superficie y línea sin especificar en el origen
Silimed,Redondos,445 HI,redonda,sin especificar,,HI (High),445,11.9,11.9,5.7,9.0,,Aportado sin referencia de catálogo,,Superficie y línea sin especificar en el origen
Silimed,Redondos,385 MD,redonda,sin especificar,,MD (Moderate),385,11.9,11.9,4.9,8.4,,Aportado sin referencia de catálogo,,Superficie y línea sin especificar en el origen
Silimed,Redondos,335 LO,redonda,sin especificar,,LO (Low),335,11.9,11.9,4.1,8.0,,Aportado sin referencia de catálogo,,Superficie y línea sin especificar en el origen
Silimed,Redondos,570 XH,redonda,sin especificar,,XH (Extra High),570,12.5,12.5,6.7,10.0,,Aportado sin referencia de catálogo,,Superficie y línea sin especificar en el origen
Silimed,Redondos,505 HI,redonda,sin especificar,,HI (High),505,12.5,12.5,5.9,9.4,,Aportado sin referencia de catálogo,,Superficie y línea sin especificar en el origen
Mentor,MemoryGel Xtra,TMPX-130,redonda,texturizada,SILTEX,Perfil Moderado Plus,130,9.1,9.1,3.1,,,Aportado sin referencia de catálogo,,El catálogo de redondos no publica arco vertical
Mentor,MemoryGel Xtra,TMPX-160,redonda,texturizada,SILTEX,Perfil Moderado Plus,160,9.5,9.5,3.3,,,Aportado sin referencia de catálogo,,El catálogo de redondos no publica arco vertical
Mentor,MemoryGel Xtra,TMPX-190,redonda,texturizada,SILTEX,Perfil Moderado Plus,190,10.1,10.1,3.5,,,Aportado sin referencia de catálogo,,El catálogo de redondos no publica arco vertical
Mentor,MemoryGel Xtra,TMPX-215,redonda,texturizada,SILTEX,Perfil Moderado Plus,215,10.5,10.5,3.6,,,Aportado sin referencia de catálogo,,El catálogo de redondos no publica arco vertical
Mentor,MemoryGel Xtra,TMPX-240,redonda,texturizada,SILTEX,Perfil Moderado Plus,240,10.9,10.9,3.8,,,Aportado sin referencia de catálogo,,El catálogo de redondos no publica arco vertical
Mentor,MemoryGel Xtra,TMPX-270,redonda,texturizada,SILTEX,Perfil Moderado Plus,270,11.4,11.4,3.9,,,Aportado sin referencia de catálogo,,El catálogo de redondos no publica arco vertical
Mentor,MemoryGel Xtra,TMPX-295,redonda,texturizada,SILTEX,Perfil Moderado Plus,295,11.6,11.6,4.1,,,Aportado sin referencia de catálogo,,El catálogo de redondos no publica arco vertical
Mentor,MemoryGel Xtra,TMPX-325,redonda,texturizada,SILTEX,Perfil Moderado Plus,325,11.9,11.9,4.2,,,Aportado sin referencia de catálogo,,El catálogo de redondos no publica arco vertical
Mentor,MemoryGel Xtra,TMPX-350,redonda,texturizada,SILTEX,Perfil Moderado Plus,350,12.2,12.2,4.3,,,Aportado sin referencia de catálogo,,El catálogo de redondos no publica arco vertical
Mentor,MemoryGel Xtra,TMPX-370,redonda,texturizada,SILTEX,Perfil Moderado Plus,370,12.7,12.7,4.3,,,Aportado sin referencia de catálogo,,El catálogo de redondos no publica arco vertical
Mentor,MemoryGel Xtra,TMPX-405,redonda,texturizada,SILTEX,Perfil Moderado Plus,405,12.8,12.8,4.5,,,Aportado sin referencia de catálogo,,El catálogo de redondos no publica arco vertical
Mentor,MemoryGel Xtra,TMPX-440,redonda,texturizada,SILTEX,Perfil Moderado Plus,440,13.1,13.1,4.8,,,Aportado sin referencia de catálogo,,El catálogo de redondos no publica arco vertical
Mentor,MemoryGel Xtra,TMPX-490,redonda,texturizada,SILTEX,Perfil Moderado Plus,490,13.6,13.6,4.8,,,Aportado sin referencia de catálogo,,El catálogo de redondos no publica arco vertical
Mentor,MemoryGel Xtra,TMPX-545,redonda,texturizada,SILTEX,Perfil Moderado Plus,545,14.1,14.1,5.0,,,Aportado sin referencia de catálogo,,El catálogo de redondos no publica arco vertical
Mentor,MemoryGel Xtra,TMPX-605,redonda,texturizada,SILTEX,Perfil Moderado Plus,605,14.4,14.4,5.3,,,Aportado sin referencia de catálogo,,El catálogo de redondos no publica arco vertical
Mentor,MemoryGel Xtra,TMPX-645,redonda,texturizada,SILTEX,Perfil Moderado Plus,645,15.0,15.0,5.3,,,Aportado sin referencia de catálogo,,El catálogo de redondos no publica arco vertical
Mentor,MemoryGel Xtra,TMPX-755,redonda,texturizada,SILTEX,Perfil Moderado Plus,755,15.7,15.7,5.6,,,Aportado sin referencia de catálogo,,El catálogo de redondos no publica arco vertical
Mentor,MemoryGel Xtra,THPX-150,redonda,texturizada,SILTEX,Perfil Alto,150,8.4,8.4,4.2,,,Aportado sin referencia de catálogo,,El catálogo de redondos no publica arco vertical
Mentor,MemoryGel Xtra,THPX-175,redonda,texturizada,SILTEX,Perfil Alto,175,9.0,9.0,4.4,,,Aportado sin referencia de catálogo,,El catálogo de redondos no publica arco vertical
Mentor,MemoryGel Xtra,THPX-200,redonda,texturizada,SILTEX,Perfil Alto,200,9.4,9.4,4.5,,,Aportado sin referencia de catálogo,,El catálogo de redondos no publica arco vertical
Mentor,MemoryGel Xtra,THPX-230,redonda,texturizada,SILTEX,Perfil Alto,230,9.8,9.8,4.8,,,Aportado sin referencia de catálogo,,El catálogo de redondos no publica arco vertical
Mentor,MemoryGel Xtra,THPX-255,redonda,texturizada,SILTEX,Perfil Alto,255,10.1,10.1,4.9,,,Aportado sin referencia de catálogo,,El catálogo de redondos no publica arco vertical
Mentor,MemoryGel Xtra,THPX-285,redonda,texturizada,SILTEX,Perfil Alto,285,10.5,10.5,5.1,,,Aportado sin referencia de catálogo,,El catálogo de redondos no publica arco vertical
Mentor,MemoryGel Xtra,THPX-325,redonda,texturizada,SILTEX,Perfil Alto,325,10.8,10.8,5.4,,,Aportado sin referencia de catálogo,,El catálogo de redondos no publica arco vertical
Mentor,MemoryGel Xtra,THPX-340,redonda,texturizada,SILTEX,Perfil Alto,340,11.1,11.1,5.4,,,Aportado sin referencia de catálogo,,El catálogo de redondos no publica arco vertical
Mentor,MemoryGel Xtra,THPX-365,redonda,texturizada,SILTEX,Perfil Alto,365,11.4,11.4,5.5,,,Aportado sin referencia de catálogo,,El catálogo de redondos no publica arco vertical
Mentor,MemoryGel Xtra,THPX-405,redonda,texturizada,SILTEX,Perfil Alto,405,11.6,11.6,5.9,,,Aportado sin referencia de catálogo,,El catálogo de redondos no publica arco vertical
Mentor,MemoryGel Xtra,THPX-425,redonda,texturizada,SILTEX,Perfil Alto,425,11.9,11.9,5.8,,,Aportado sin referencia de catálogo,,El catálogo de redondos no publica arco vertical
Mentor,MemoryGel Xtra,THPX-455,redonda,texturizada,SILTEX,Perfil Alto,455,12.1,12.1,6.0,,,Aportado sin referencia de catálogo,,El catálogo de redondos no publica arco vertical
Mentor,MemoryGel Xtra,THPX-470,redonda,texturizada,SILTEX,Perfil Alto,470,12.3,12.3,5.9,,,Aportado sin referencia de catálogo,,El catálogo de redondos no publica arco vertical
Mentor,MemoryGel Xtra,THPX-515,redonda,texturizada,SILTEX,Perfil Alto,515,12.6,12.6,6.2,,,Aportado sin referencia de catálogo,,El catálogo de redondos no publica arco vertical
Mentor,MemoryGel Xtra,THPX-570,redonda,texturizada,SILTEX,Perfil Alto,570,13.2,13.2,6.3,,,Aportado sin referencia de catálogo,,El catálogo de redondos no publica arco vertical
Mentor,MemoryGel Xtra,THPX-620,redonda,texturizada,SILTEX,Perfil Alto,620,13.4,13.4,6.5,,,Aportado sin referencia de catálogo,,El catálogo de redondos no publica arco vertical
Mentor,MemoryGel Xtra,THPX-680,redonda,texturizada,SILTEX,Perfil Alto,680,14.0,14.0,6.6,,,Aportado sin referencia de catálogo,,El catálogo de redondos no publica arco vertical
Mentor,MemoryGel Xtra,THPX-725,redonda,texturizada,SILTEX,Perfil Alto,725,14.5,14.5,6.7,,,Aportado sin referencia de catálogo,,El catálogo de redondos no publica arco vertical
Mentor,MemoryGel Xtra,THPX-765,redonda,texturizada,SILTEX,Perfil Alto,765,14.7,14.7,6.7,,,Aportado sin referencia de catálogo,,El catálogo de redondos no publica arco vertical
Mentor,MemoryGel Xtra,SMPX-130,redonda,lisa,Liso,Perfil Moderado Plus,130,8.9,8.9,3.1,,,Aportado sin referencia de catálogo,,El catálogo de redondos no publica arco vertical
Mentor,MemoryGel Xtra,SMPX-160,redonda,lisa,Liso,Perfil Moderado Plus,160,9.5,9.5,3.3,,,Aportado sin referencia de catálogo,,El catálogo de redondos no publica arco vertical
Mentor,MemoryGel Xtra,SMPX-190,redonda,lisa,Liso,Perfil Moderado Plus,190,10.0,10.0,3.4,,,Aportado sin referencia de catálogo,,El catálogo de redondos no publica arco vertical
Mentor,MemoryGel Xtra,SMPX-215,redonda,lisa,Liso,Perfil Moderado Plus,215,10.4,10.4,3.6,,,Aportado sin referencia de catálogo,,El catálogo de redondos no publica arco vertical
Mentor,MemoryGel Xtra,SMPX-240,redonda,lisa,Liso,Perfil Moderado Plus,240,10.8,10.8,3.7,,,Aportado sin referencia de catálogo,,El catálogo de redondos no publica arco vertical
Mentor,MemoryGel Xtra,SMPX-270,redonda,lisa,Liso,Perfil Moderado Plus,270,11.4,11.4,3.8,,,Aportado sin referencia de catálogo,,El catálogo de redondos no publica arco vertical
Mentor,MemoryGel Xtra,SMPX-295,redonda,lisa,Liso,Perfil Moderado Plus,295,11.5,11.5,4.0,,,Aportado sin referencia de catálogo,,El catálogo de redondos no publica arco vertical
Mentor,MemoryGel Xtra,SMPX-325,redonda,lisa,Liso,Perfil Moderado Plus,325,11.9,11.9,4.1,,,Aportado sin referencia de catálogo,,El catálogo de redondos no publica arco vertical
Mentor,MemoryGel Xtra,SMPX-350,redonda,lisa,Liso,Perfil Moderado Plus,350,12.3,12.3,4.1,,,Aportado sin referencia de catálogo,,El catálogo de redondos no publica arco vertical
Mentor,MemoryGel Xtra,SMPX-370,redonda,lisa,Liso,Perfil Moderado Plus,370,12.6,12.6,4.1,,,Aportado sin referencia de catálogo,,El catálogo de redondos no publica arco vertical
Mentor,MemoryGel Xtra,SMPX-405,redonda,lisa,Liso,Perfil Moderado Plus,405,12.7,12.7,4.4,,,Aportado sin referencia de catálogo,,El catálogo de redondos no publica arco vertical
Mentor,MemoryGel Xtra,SMPX-440,redonda,lisa,Liso,Perfil Moderado Plus,440,13.1,13.1,4.5,,,Aportado sin referencia de catálogo,,El catálogo de redondos no publica arco vertical
Mentor,MemoryGel Xtra,SMPX-490,redonda,lisa,Liso,Perfil Moderado Plus,490,13.6,13.6,4.7,,,Aportado sin referencia de catálogo,,El catálogo de redondos no publica arco vertical
Mentor,MemoryGel Xtra,SMPX-545,redonda,lisa,Liso,Perfil Moderado Plus,545,14.0,14.0,4.9,,,Aportado sin referencia de catálogo,,El catálogo de redondos no publica arco vertical
Mentor,MemoryGel Xtra,SMPX-605,redonda,lisa,Liso,Perfil Moderado Plus,605,14.5,14.5,5.1,,,Aportado sin referencia de catálogo,,El catálogo de redondos no publica arco vertical
Mentor,MemoryGel Xtra,SMPX-645,redonda,lisa,Liso,Perfil Moderado Plus,645,14.9,14.9,5.1,,,Aportado sin referencia de catálogo,,El catálogo de redondos no publica arco vertical
Mentor,MemoryGel Xtra,SMPX-755,redonda,lisa,Liso,Perfil Moderado Plus,755,15.7,15.7,5.4,,,Aportado sin referencia de catálogo,,El catálogo de redondos no publica arco vertical
Mentor,CPG Cohesive III,334-0903,anatomica,texturizada,SILTEX,"CPG 331 · Altura Alta, Proyección Moderada",125,9.0,9.2,3.2,7.3,Cohesive III,Mentor CPG — datos/fuentes/mentor-cpg-anatomicas.pdf,2,"Arco = API de Mentor: polo inferior al punto medio, incluye 0,5 cm de cubierta tisular. No comparable con el arco de Motiva o Silimed"
Mentor,CPG Cohesive III,334-0953,anatomica,texturizada,SILTEX,"CPG 331 · Altura Alta, Proyección Moderada",150,9.5,9.7,3.3,7.7,Cohesive III,Mentor CPG — datos/fuentes/mentor-cpg-anatomicas.pdf,2,"Arco = API de Mentor: polo inferior al punto medio, incluye 0,5 cm de cubierta tisular. No comparable con el arco de Motiva o Silimed"
Mentor,CPG Cohesive III,334-1003,anatomica,texturizada,SILTEX,"CPG 331 · Altura Alta, Proyección Moderada",175,10.0,10.2,3.4,8.1,Cohesive III,Mentor CPG — datos/fuentes/mentor-cpg-anatomicas.pdf,2,"Arco = API de Mentor: polo inferior al punto medio, incluye 0,5 cm de cubierta tisular. No comparable con el arco de Motiva o Silimed"
Mentor,CPG Cohesive III,334-1053,anatomica,texturizada,SILTEX,"CPG 331 · Altura Alta, Proyección Moderada",200,10.5,10.7,3.5,8.4,Cohesive III,Mentor CPG — datos/fuentes/mentor-cpg-anatomicas.pdf,2,"Arco = API de Mentor: polo inferior al punto medio, incluye 0,5 cm de cubierta tisular. No comparable con el arco de Motiva o Silimed"
Mentor,CPG Cohesive III,334-1103,anatomica,texturizada,SILTEX,"CPG 331 · Altura Alta, Proyección Moderada",230,11.0,11.3,3.6,8.8,Cohesive III,Mentor CPG — datos/fuentes/mentor-cpg-anatomicas.pdf,2,"Arco = API de Mentor: polo inferior al punto medio, incluye 0,5 cm de cubierta tisular. No comparable con el arco de Motiva o Silimed"
Mentor,CPG Cohesive III,334-1153,anatomica,texturizada,SILTEX,"CPG 331 · Altura Alta, Proyección Moderada",265,11.5,11.8,3.7,9.1,Cohesive III,Mentor CPG — datos/fuentes/mentor-cpg-anatomicas.pdf,2,"Arco = API de Mentor: polo inferior al punto medio, incluye 0,5 cm de cubierta tisular. No comparable con el arco de Motiva o Silimed"
Mentor,CPG Cohesive III,334-1203,anatomica,texturizada,SILTEX,"CPG 331 · Altura Alta, Proyección Moderada",300,12.0,12.3,3.9,9.5,Cohesive III,Mentor CPG — datos/fuentes/mentor-cpg-anatomicas.pdf,2,"Arco = API de Mentor: polo inferior al punto medio, incluye 0,5 cm de cubierta tisular. No comparable con el arco de Motiva o Silimed"
Mentor,CPG Cohesive III,334-1253,anatomica,texturizada,SILTEX,"CPG 331 · Altura Alta, Proyección Moderada",340,12.5,12.8,4.0,9.9,Cohesive III,Mentor CPG — datos/fuentes/mentor-cpg-anatomicas.pdf,2,"Arco = API de Mentor: polo inferior al punto medio, incluye 0,5 cm de cubierta tisular. No comparable con el arco de Motiva o Silimed"
Mentor,CPG Cohesive III,334-1303,anatomica,texturizada,SILTEX,"CPG 331 · Altura Alta, Proyección Moderada",380,13.0,13.3,4.1,10.2,Cohesive III,Mentor CPG — datos/fuentes/mentor-cpg-anatomicas.pdf,2,"Arco = API de Mentor: polo inferior al punto medio, incluye 0,5 cm de cubierta tisular. No comparable con el arco de Motiva o Silimed"
Mentor,CPG Cohesive III,334-1353,anatomica,texturizada,SILTEX,"CPG 331 · Altura Alta, Proyección Moderada",425,13.5,13.8,4.3,10.6,Cohesive III,Mentor CPG — datos/fuentes/mentor-cpg-anatomicas.pdf,2,"Arco = API de Mentor: polo inferior al punto medio, incluye 0,5 cm de cubierta tisular. No comparable con el arco de Motiva o Silimed"
Mentor,CPG Cohesive III,334-1403,anatomica,texturizada,SILTEX,"CPG 331 · Altura Alta, Proyección Moderada",475,14.0,14.3,4.5,11.0,Cohesive III,Mentor CPG — datos/fuentes/mentor-cpg-anatomicas.pdf,2,"Arco = API de Mentor: polo inferior al punto medio, incluye 0,5 cm de cubierta tisular. No comparable con el arco de Motiva o Silimed"
Mentor,CPG Cohesive III,334-1453,anatomica,texturizada,SILTEX,"CPG 331 · Altura Alta, Proyección Moderada",530,14.5,14.8,4.6,11.3,Cohesive III,Mentor CPG — datos/fuentes/mentor-cpg-anatomicas.pdf,2,"Arco = API de Mentor: polo inferior al punto medio, incluye 0,5 cm de cubierta tisular. No comparable con el arco de Motiva o Silimed"
Mentor,CPG Cohesive III,334-1503,anatomica,texturizada,SILTEX,"CPG 331 · Altura Alta, Proyección Moderada",585,15.0,15.3,4.8,11.7,Cohesive III,Mentor CPG — datos/fuentes/mentor-cpg-anatomicas.pdf,2,"Arco = API de Mentor: polo inferior al punto medio, incluye 0,5 cm de cubierta tisular. No comparable con el arco de Motiva o Silimed"
Mentor,CPG Cohesive III,334-1553,anatomica,texturizada,SILTEX,"CPG 331 · Altura Alta, Proyección Moderada",645,15.5,15.9,5.0,12.1,Cohesive III,Mentor CPG — datos/fuentes/mentor-cpg-anatomicas.pdf,2,"Arco = API de Mentor: polo inferior al punto medio, incluye 0,5 cm de cubierta tisular. No comparable con el arco de Motiva o Silimed"
Mentor,CPG Cohesive III,354-0908,anatomica,texturizada,SILTEX,"CPG 321 · Altura Media, Proyección Moderada",120,9.0,8.5,3.3,7.0,Cohesive III,Mentor CPG — datos/fuentes/mentor-cpg-anatomicas.pdf,2,"Arco = API de Mentor: polo inferior al punto medio, incluye 0,5 cm de cubierta tisular. No comparable con el arco de Motiva o Silimed"
Mentor,CPG Cohesive III,354-0958,anatomica,texturizada,SILTEX,"CPG 321 · Altura Media, Proyección Moderada",135,9.5,8.9,3.5,7.3,Cohesive III,Mentor CPG — datos/fuentes/mentor-cpg-anatomicas.pdf,2,"Arco = API de Mentor: polo inferior al punto medio, incluye 0,5 cm de cubierta tisular. No comparable con el arco de Motiva o Silimed"
Mentor,CPG Cohesive III,354-1008,anatomica,texturizada,SILTEX,"CPG 321 · Altura Media, Proyección Moderada",155,10.0,9.4,3.7,7.7,Cohesive III,Mentor CPG — datos/fuentes/mentor-cpg-anatomicas.pdf,2,"Arco = API de Mentor: polo inferior al punto medio, incluye 0,5 cm de cubierta tisular. No comparable con el arco de Motiva o Silimed"
Mentor,CPG Cohesive III,354-1058,anatomica,texturizada,SILTEX,"CPG 321 · Altura Media, Proyección Moderada",180,10.5,9.9,3.8,8.0,Cohesive III,Mentor CPG — datos/fuentes/mentor-cpg-anatomicas.pdf,2,"Arco = API de Mentor: polo inferior al punto medio, incluye 0,5 cm de cubierta tisular. No comparable con el arco de Motiva o Silimed"
Mentor,CPG Cohesive III,354-1108,anatomica,texturizada,SILTEX,"CPG 321 · Altura Media, Proyección Moderada",215,11.0,10.3,3.9,8.2,Cohesive III,Mentor CPG — datos/fuentes/mentor-cpg-anatomicas.pdf,2,"Arco = API de Mentor: polo inferior al punto medio, incluye 0,5 cm de cubierta tisular. No comparable con el arco de Motiva o Silimed"
Mentor,CPG Cohesive III,354-1158,anatomica,texturizada,SILTEX,"CPG 321 · Altura Media, Proyección Moderada",245,11.5,10.8,4.0,8.6,Cohesive III,Mentor CPG — datos/fuentes/mentor-cpg-anatomicas.pdf,2,"Arco = API de Mentor: polo inferior al punto medio, incluye 0,5 cm de cubierta tisular. No comparable con el arco de Motiva o Silimed"
Mentor,CPG Cohesive III,354-1208,anatomica,texturizada,SILTEX,"CPG 321 · Altura Media, Proyección Moderada",280,12.0,11.3,4.2,8.9,Cohesive III,Mentor CPG — datos/fuentes/mentor-cpg-anatomicas.pdf,2,"Arco = API de Mentor: polo inferior al punto medio, incluye 0,5 cm de cubierta tisular. No comparable con el arco de Motiva o Silimed"
Mentor,CPG Cohesive III,354-1258,anatomica,texturizada,SILTEX,"CPG 321 · Altura Media, Proyección Moderada",315,12.5,11.8,4.4,9.2,Cohesive III,Mentor CPG — datos/fuentes/mentor-cpg-anatomicas.pdf,2,"Arco = API de Mentor: polo inferior al punto medio, incluye 0,5 cm de cubierta tisular. No comparable con el arco de Motiva o Silimed"
Mentor,CPG Cohesive III,354-1308,anatomica,texturizada,SILTEX,"CPG 321 · Altura Media, Proyección Moderada",355,13.0,12.2,4.6,9.6,Cohesive III,Mentor CPG — datos/fuentes/mentor-cpg-anatomicas.pdf,2,"Arco = API de Mentor: polo inferior al punto medio, incluye 0,5 cm de cubierta tisular. No comparable con el arco de Motiva o Silimed"
Mentor,CPG Cohesive III,354-1358,anatomica,texturizada,SILTEX,"CPG 321 · Altura Media, Proyección Moderada",395,13.5,12.7,4.7,9.9,Cohesive III,Mentor CPG — datos/fuentes/mentor-cpg-anatomicas.pdf,2,"Arco = API de Mentor: polo inferior al punto medio, incluye 0,5 cm de cubierta tisular. No comparable con el arco de Motiva o Silimed"
Mentor,CPG Cohesive III,354-1408,anatomica,texturizada,SILTEX,"CPG 321 · Altura Media, Proyección Moderada",440,14.0,13.2,4.9,10.3,Cohesive III,Mentor CPG — datos/fuentes/mentor-cpg-anatomicas.pdf,2,"Arco = API de Mentor: polo inferior al punto medio, incluye 0,5 cm de cubierta tisular. No comparable con el arco de Motiva o Silimed"
Mentor,CPG Cohesive III,354-1458,anatomica,texturizada,SILTEX,"CPG 321 · Altura Media, Proyección Moderada",480,14.5,13.3,5.0,10.5,Cohesive III,Mentor CPG — datos/fuentes/mentor-cpg-anatomicas.pdf,2,"Arco = API de Mentor: polo inferior al punto medio, incluye 0,5 cm de cubierta tisular. No comparable con el arco de Motiva o Silimed"
Mentor,CPG Cohesive III,354-1508,anatomica,texturizada,SILTEX,"CPG 321 · Altura Media, Proyección Moderada",530,15.0,14.1,5.2,10.9,Cohesive III,Mentor CPG — datos/fuentes/mentor-cpg-anatomicas.pdf,2,"Arco = API de Mentor: polo inferior al punto medio, incluye 0,5 cm de cubierta tisular. No comparable con el arco de Motiva o Silimed"
Mentor,CPG Cohesive III,354-1608,anatomica,texturizada,SILTEX,"CPG 321 · Altura Media, Proyección Moderada",640,16.0,15.0,5.6,11.5,Cohesive III,Mentor CPG — datos/fuentes/mentor-cpg-anatomicas.pdf,2,"Arco = API de Mentor: polo inferior al punto medio, incluye 0,5 cm de cubierta tisular. No comparable con el arco de Motiva o Silimed"
Mentor,CPG Cohesive III,354-1708,anatomica,texturizada,SILTEX,"CPG 321 · Altura Media, Proyección Moderada",775,17.0,16.0,5.9,12.2,Cohesive III,Mentor CPG — datos/fuentes/mentor-cpg-anatomicas.pdf,2,"Arco = API de Mentor: polo inferior al punto medio, incluye 0,5 cm de cubierta tisular. No comparable con el arco de Motiva o Silimed"
Mentor,CPG Cohesive III,334-0951,anatomica,texturizada,SILTEX,"CPG 311 · Altura Baja, Proyección Moderada",120,9.5,8.5,3.2,6.9,Cohesive III,Mentor CPG — datos/fuentes/mentor-cpg-anatomicas.pdf,3,"Arco = API de Mentor: polo inferior al punto medio, incluye 0,5 cm de cubierta tisular. No comparable con el arco de Motiva o Silimed"
Mentor,CPG Cohesive III,334-1001,anatomica,texturizada,SILTEX,"CPG 311 · Altura Baja, Proyección Moderada",140,10.0,8.9,3.4,7.2,Cohesive III,Mentor CPG — datos/fuentes/mentor-cpg-anatomicas.pdf,3,"Arco = API de Mentor: polo inferior al punto medio, incluye 0,5 cm de cubierta tisular. No comparable con el arco de Motiva o Silimed"
Mentor,CPG Cohesive III,334-1051,anatomica,texturizada,SILTEX,"CPG 311 · Altura Baja, Proyección Moderada",160,10.5,9.4,3.6,7.5,Cohesive III,Mentor CPG — datos/fuentes/mentor-cpg-anatomicas.pdf,3,"Arco = API de Mentor: polo inferior al punto medio, incluye 0,5 cm de cubierta tisular. No comparable con el arco de Motiva o Silimed"
Mentor,CPG Cohesive III,334-1101,anatomica,texturizada,SILTEX,"CPG 311 · Altura Baja, Proyección Moderada",180,11.0,9.8,3.7,7.9,Cohesive III,Mentor CPG — datos/fuentes/mentor-cpg-anatomicas.pdf,3,"Arco = API de Mentor: polo inferior al punto medio, incluye 0,5 cm de cubierta tisular. No comparable con el arco de Motiva o Silimed"
Mentor,CPG Cohesive III,334-1151,anatomica,texturizada,SILTEX,"CPG 311 · Altura Baja, Proyección Moderada",210,11.5,10.3,3.9,8.2,Cohesive III,Mentor CPG — datos/fuentes/mentor-cpg-anatomicas.pdf,3,"Arco = API de Mentor: polo inferior al punto medio, incluye 0,5 cm de cubierta tisular. No comparable con el arco de Motiva o Silimed"
Mentor,CPG Cohesive III,334-1201,anatomica,texturizada,SILTEX,"CPG 311 · Altura Baja, Proyección Moderada",235,12.0,10.7,4.1,8.5,Cohesive III,Mentor CPG — datos/fuentes/mentor-cpg-anatomicas.pdf,3,"Arco = API de Mentor: polo inferior al punto medio, incluye 0,5 cm de cubierta tisular. No comparable con el arco de Motiva o Silimed"
Mentor,CPG Cohesive III,334-1251,anatomica,texturizada,SILTEX,"CPG 311 · Altura Baja, Proyección Moderada",270,12.5,11.2,4.2,8.8,Cohesive III,Mentor CPG — datos/fuentes/mentor-cpg-anatomicas.pdf,3,"Arco = API de Mentor: polo inferior al punto medio, incluye 0,5 cm de cubierta tisular. No comparable con el arco de Motiva o Silimed"
Mentor,CPG Cohesive III,334-1301,anatomica,texturizada,SILTEX,"CPG 311 · Altura Baja, Proyección Moderada",300,13.0,11.6,4.4,9.2,Cohesive III,Mentor CPG — datos/fuentes/mentor-cpg-anatomicas.pdf,3,"Arco = API de Mentor: polo inferior al punto medio, incluye 0,5 cm de cubierta tisular. No comparable con el arco de Motiva o Silimed"
Mentor,CPG Cohesive III,334-1351,anatomica,texturizada,SILTEX,"CPG 311 · Altura Baja, Proyección Moderada",335,13.5,12.0,4.6,9.5,Cohesive III,Mentor CPG — datos/fuentes/mentor-cpg-anatomicas.pdf,3,"Arco = API de Mentor: polo inferior al punto medio, incluye 0,5 cm de cubierta tisular. No comparable con el arco de Motiva o Silimed"
Mentor,CPG Cohesive III,334-1401,anatomica,texturizada,SILTEX,"CPG 311 · Altura Baja, Proyección Moderada",375,14.0,12.5,4.7,9.8,Cohesive III,Mentor CPG — datos/fuentes/mentor-cpg-anatomicas.pdf,3,"Arco = API de Mentor: polo inferior al punto medio, incluye 0,5 cm de cubierta tisular. No comparable con el arco de Motiva o Silimed"
Mentor,CPG Cohesive III,334-1451,anatomica,texturizada,SILTEX,"CPG 311 · Altura Baja, Proyección Moderada",415,14.5,12.9,4.9,10.1,Cohesive III,Mentor CPG — datos/fuentes/mentor-cpg-anatomicas.pdf,3,"Arco = API de Mentor: polo inferior al punto medio, incluye 0,5 cm de cubierta tisular. No comparable con el arco de Motiva o Silimed"
Mentor,CPG Cohesive III,334-1501,anatomica,texturizada,SILTEX,"CPG 311 · Altura Baja, Proyección Moderada",460,15.0,13.4,5.1,10.5,Cohesive III,Mentor CPG — datos/fuentes/mentor-cpg-anatomicas.pdf,3,"Arco = API de Mentor: polo inferior al punto medio, incluye 0,5 cm de cubierta tisular. No comparable con el arco de Motiva o Silimed"
Mentor,CPG Cohesive III,334-1551,anatomica,texturizada,SILTEX,"CPG 311 · Altura Baja, Proyección Moderada",510,15.5,13.8,5.2,10.8,Cohesive III,Mentor CPG — datos/fuentes/mentor-cpg-anatomicas.pdf,3,"Arco = API de Mentor: polo inferior al punto medio, incluye 0,5 cm de cubierta tisular. No comparable con el arco de Motiva o Silimed"
Mentor,CPG Cohesive III,334-1601,anatomica,texturizada,SILTEX,"CPG 311 · Altura Baja, Proyección Moderada",560,16.0,14.3,5.4,11.1,Cohesive III,Mentor CPG — datos/fuentes/mentor-cpg-anatomicas.pdf,3,"Arco = API de Mentor: polo inferior al punto medio, incluye 0,5 cm de cubierta tisular. No comparable con el arco de Motiva o Silimed"
Mentor,CPG Cohesive III,334-1651,anatomica,texturizada,SILTEX,"CPG 311 · Altura Baja, Proyección Moderada",615,16.5,14.7,5.6,11.4,Cohesive III,Mentor CPG — datos/fuentes/mentor-cpg-anatomicas.pdf,3,"Arco = API de Mentor: polo inferior al punto medio, incluye 0,5 cm de cubierta tisular. No comparable con el arco de Motiva o Silimed"
Mentor,CPG Cohesive III,334-0909,anatomica,texturizada,SILTEX,"CPG 332 · Altura Alta, Proyección Moderada Plus",145,9.0,9.4,3.8,8.1,Cohesive III,Mentor CPG — datos/fuentes/mentor-cpg-anatomicas.pdf,4,"Arco = API de Mentor: polo inferior al punto medio, incluye 0,5 cm de cubierta tisular. No comparable con el arco de Motiva o Silimed"
Mentor,CPG Cohesive III,334-0959,anatomica,texturizada,SILTEX,"CPG 332 · Altura Alta, Proyección Moderada Plus",175,9.5,9.9,4.0,8.5,Cohesive III,Mentor CPG — datos/fuentes/mentor-cpg-anatomicas.pdf,4,"Arco = API de Mentor: polo inferior al punto medio, incluye 0,5 cm de cubierta tisular. No comparable con el arco de Motiva o Silimed"
Mentor,CPG Cohesive III,334-1009,anatomica,texturizada,SILTEX,"CPG 332 · Altura Alta, Proyección Moderada Plus",205,10.0,10.4,4.2,8.9,Cohesive III,Mentor CPG — datos/fuentes/mentor-cpg-anatomicas.pdf,4,"Arco = API de Mentor: polo inferior al punto medio, incluye 0,5 cm de cubierta tisular. No comparable con el arco de Motiva o Silimed"
Mentor,CPG Cohesive III,334-1059,anatomica,texturizada,SILTEX,"CPG 332 · Altura Alta, Proyección Moderada Plus",235,10.5,10.9,4.4,9.3,Cohesive III,Mentor CPG — datos/fuentes/mentor-cpg-anatomicas.pdf,4,"Arco = API de Mentor: polo inferior al punto medio, incluye 0,5 cm de cubierta tisular. No comparable con el arco de Motiva o Silimed"
Mentor,CPG Cohesive III,334-1109,anatomica,texturizada,SILTEX,"CPG 332 · Altura Alta, Proyección Moderada Plus",270,11.0,11.5,4.7,9.7,Cohesive III,Mentor CPG — datos/fuentes/mentor-cpg-anatomicas.pdf,4,"Arco = API de Mentor: polo inferior al punto medio, incluye 0,5 cm de cubierta tisular. No comparable con el arco de Motiva o Silimed"
Mentor,CPG Cohesive III,334-1159,anatomica,texturizada,SILTEX,"CPG 332 · Altura Alta, Proyección Moderada Plus",305,11.5,12.0,4.9,10.1,Cohesive III,Mentor CPG — datos/fuentes/mentor-cpg-anatomicas.pdf,4,"Arco = API de Mentor: polo inferior al punto medio, incluye 0,5 cm de cubierta tisular. No comparable con el arco de Motiva o Silimed"
Mentor,CPG Cohesive III,334-1209,anatomica,texturizada,SILTEX,"CPG 332 · Altura Alta, Proyección Moderada Plus",350,12.0,12.5,5.1,10.5,Cohesive III,Mentor CPG — datos/fuentes/mentor-cpg-anatomicas.pdf,4,"Arco = API de Mentor: polo inferior al punto medio, incluye 0,5 cm de cubierta tisular. No comparable con el arco de Motiva o Silimed"
Mentor,CPG Cohesive III,334-1259,anatomica,texturizada,SILTEX,"CPG 332 · Altura Alta, Proyección Moderada Plus",395,12.5,13.0,5.3,10.9,Cohesive III,Mentor CPG — datos/fuentes/mentor-cpg-anatomicas.pdf,4,"Arco = API de Mentor: polo inferior al punto medio, incluye 0,5 cm de cubierta tisular. No comparable con el arco de Motiva o Silimed"
Mentor,CPG Cohesive III,334-1309,anatomica,texturizada,SILTEX,"CPG 332 · Altura Alta, Proyección Moderada Plus",445,13.0,13.5,5.5,11.3,Cohesive III,Mentor CPG — datos/fuentes/mentor-cpg-anatomicas.pdf,4,"Arco = API de Mentor: polo inferior al punto medio, incluye 0,5 cm de cubierta tisular. No comparable con el arco de Motiva o Silimed"
Mentor,CPG Cohesive III,334-1359,anatomica,texturizada,SILTEX,"CPG 332 · Altura Alta, Proyección Moderada Plus",495,13.5,14.1,5.7,11.7,Cohesive III,Mentor CPG — datos/fuentes/mentor-cpg-anatomicas.pdf,4,"Arco = API de Mentor: polo inferior al punto medio, incluye 0,5 cm de cubierta tisular. No comparable con el arco de Motiva o Silimed"
Mentor,CPG Cohesive III,334-1409,anatomica,texturizada,SILTEX,"CPG 332 · Altura Alta, Proyección Moderada Plus",555,14.0,14.6,5.9,12.1,Cohesive III,Mentor CPG — datos/fuentes/mentor-cpg-anatomicas.pdf,4,"Arco = API de Mentor: polo inferior al punto medio, incluye 0,5 cm de cubierta tisular. No comparable con el arco de Motiva o Silimed"
Mentor,CPG Cohesive III,334-1459,anatomica,texturizada,SILTEX,"CPG 332 · Altura Alta, Proyección Moderada Plus",615,14.5,15.1,6.1,12.6,Cohesive III,Mentor CPG — datos/fuentes/mentor-cpg-anatomicas.pdf,4,"Arco = API de Mentor: polo inferior al punto medio, incluye 0,5 cm de cubierta tisular. No comparable con el arco de Motiva o Silimed"
Mentor,CPG Cohesive III,334-1509,anatomica,texturizada,SILTEX,"CPG 332 · Altura Alta, Proyección Moderada Plus",680,15.0,15.6,6.3,13.0,Cohesive III,Mentor CPG — datos/fuentes/mentor-cpg-anatomicas.pdf,4,"Arco = API de Mentor: polo inferior al punto medio, incluye 0,5 cm de cubierta tisular. No comparable con el arco de Motiva o Silimed"
Mentor,CPG Cohesive III,334-0905,anatomica,texturizada,SILTEX,"CPG 322 · Altura Media, Proyección Moderada Plus",140,9.0,8.5,3.8,7.6,Cohesive III,Mentor CPG — datos/fuentes/mentor-cpg-anatomicas.pdf,4,"Arco = API de Mentor: polo inferior al punto medio, incluye 0,5 cm de cubierta tisular. No comparable con el arco de Motiva o Silimed"
Mentor,CPG Cohesive III,334-0955,anatomica,texturizada,SILTEX,"CPG 322 · Altura Media, Proyección Moderada Plus",165,9.5,8.9,4.0,8.0,Cohesive III,Mentor CPG — datos/fuentes/mentor-cpg-anatomicas.pdf,4,"Arco = API de Mentor: polo inferior al punto medio, incluye 0,5 cm de cubierta tisular. No comparable con el arco de Motiva o Silimed"
Mentor,CPG Cohesive III,334-1005,anatomica,texturizada,SILTEX,"CPG 322 · Altura Media, Proyección Moderada Plus",195,10.0,9.4,4.2,8.4,Cohesive III,Mentor CPG — datos/fuentes/mentor-cpg-anatomicas.pdf,4,"Arco = API de Mentor: polo inferior al punto medio, incluye 0,5 cm de cubierta tisular. No comparable con el arco de Motiva o Silimed"
Mentor,CPG Cohesive III,334-1055,anatomica,texturizada,SILTEX,"CPG 322 · Altura Media, Proyección Moderada Plus",225,10.5,9.9,4.4,8.8,Cohesive III,Mentor CPG — datos/fuentes/mentor-cpg-anatomicas.pdf,4,"Arco = API de Mentor: polo inferior al punto medio, incluye 0,5 cm de cubierta tisular. No comparable con el arco de Motiva o Silimed"
Mentor,CPG Cohesive III,334-1105,anatomica,texturizada,SILTEX,"CPG 322 · Altura Media, Proyección Moderada Plus",255,11.0,10.3,4.7,9.2,Cohesive III,Mentor CPG — datos/fuentes/mentor-cpg-anatomicas.pdf,4,"Arco = API de Mentor: polo inferior al punto medio, incluye 0,5 cm de cubierta tisular. No comparable con el arco de Motiva o Silimed"
Mentor,CPG Cohesive III,334-1155,anatomica,texturizada,SILTEX,"CPG 322 · Altura Media, Proyección Moderada Plus",295,11.5,10.8,4.9,9.5,Cohesive III,Mentor CPG — datos/fuentes/mentor-cpg-anatomicas.pdf,4,"Arco = API de Mentor: polo inferior al punto medio, incluye 0,5 cm de cubierta tisular. No comparable con el arco de Motiva o Silimed"
Mentor,CPG Cohesive III,334-1205,anatomica,texturizada,SILTEX,"CPG 322 · Altura Media, Proyección Moderada Plus",330,12.0,11.3,5.1,9.9,Cohesive III,Mentor CPG — datos/fuentes/mentor-cpg-anatomicas.pdf,4,"Arco = API de Mentor: polo inferior al punto medio, incluye 0,5 cm de cubierta tisular. No comparable con el arco de Motiva o Silimed"
Mentor,CPG Cohesive III,334-1255,anatomica,texturizada,SILTEX,"CPG 322 · Altura Media, Proyección Moderada Plus",375,12.5,11.8,5.3,10.3,Cohesive III,Mentor CPG — datos/fuentes/mentor-cpg-anatomicas.pdf,4,"Arco = API de Mentor: polo inferior al punto medio, incluye 0,5 cm de cubierta tisular. No comparable con el arco de Motiva o Silimed"
Mentor,CPG Cohesive III,334-1305,anatomica,texturizada,SILTEX,"CPG 322 · Altura Media, Proyección Moderada Plus",420,13.0,12.2,5.5,10.7,Cohesive III,Mentor CPG — datos/fuentes/mentor-cpg-anatomicas.pdf,4,"Arco = API de Mentor: polo inferior al punto medio, incluye 0,5 cm de cubierta tisular. No comparable con el arco de Motiva o Silimed"
Mentor,CPG Cohesive III,334-1355,anatomica,texturizada,SILTEX,"CPG 322 · Altura Media, Proyección Moderada Plus",475,13.5,12.7,5.7,11.1,Cohesive III,Mentor CPG — datos/fuentes/mentor-cpg-anatomicas.pdf,4,"Arco = API de Mentor: polo inferior al punto medio, incluye 0,5 cm de cubierta tisular. No comparable con el arco de Motiva o Silimed"
Mentor,CPG Cohesive III,334-1405,anatomica,texturizada,SILTEX,"CPG 322 · Altura Media, Proyección Moderada Plus",525,14.0,13.2,5.9,11.4,Cohesive III,Mentor CPG — datos/fuentes/mentor-cpg-anatomicas.pdf,4,"Arco = API de Mentor: polo inferior al punto medio, incluye 0,5 cm de cubierta tisular. No comparable con el arco de Motiva o Silimed"
Mentor,CPG Cohesive III,334-1455,anatomica,texturizada,SILTEX,"CPG 322 · Altura Media, Proyección Moderada Plus",585,14.5,13.6,6.1,11.8,Cohesive III,Mentor CPG — datos/fuentes/mentor-cpg-anatomicas.pdf,4,"Arco = API de Mentor: polo inferior al punto medio, incluye 0,5 cm de cubierta tisular. No comparable con el arco de Motiva o Silimed"
Mentor,CPG Cohesive III,334-1505,anatomica,texturizada,SILTEX,"CPG 322 · Altura Media, Proyección Moderada Plus",650,15.0,14.1,6.3,12.2,Cohesive III,Mentor CPG — datos/fuentes/mentor-cpg-anatomicas.pdf,4,"Arco = API de Mentor: polo inferior al punto medio, incluye 0,5 cm de cubierta tisular. No comparable con el arco de Motiva o Silimed"
Mentor,CPG Cohesive III,334-0907,anatomica,texturizada,SILTEX,"CPG 312 · Altura Baja, Proyección Moderada Plus",125,9.0,8.0,3.8,7.2,Cohesive III,Mentor CPG — datos/fuentes/mentor-cpg-anatomicas.pdf,5,"Arco = API de Mentor: polo inferior al punto medio, incluye 0,5 cm de cubierta tisular. No comparable con el arco de Motiva o Silimed"
Mentor,CPG Cohesive III,334-0957,anatomica,texturizada,SILTEX,"CPG 312 · Altura Baja, Proyección Moderada Plus",145,9.5,8.4,4.0,7.5,Cohesive III,Mentor CPG — datos/fuentes/mentor-cpg-anatomicas.pdf,5,"Arco = API de Mentor: polo inferior al punto medio, incluye 0,5 cm de cubierta tisular. No comparable con el arco de Motiva o Silimed"
Mentor,CPG Cohesive III,334-1007,anatomica,texturizada,SILTEX,"CPG 312 · Altura Baja, Proyección Moderada Plus",170,10.0,8.8,4.2,7.9,Cohesive III,Mentor CPG — datos/fuentes/mentor-cpg-anatomicas.pdf,5,"Arco = API de Mentor: polo inferior al punto medio, incluye 0,5 cm de cubierta tisular. No comparable con el arco de Motiva o Silimed"
Mentor,CPG Cohesive III,334-1057,anatomica,texturizada,SILTEX,"CPG 312 · Altura Baja, Proyección Moderada Plus",195,10.5,9.3,4.4,8.3,Cohesive III,Mentor CPG — datos/fuentes/mentor-cpg-anatomicas.pdf,5,"Arco = API de Mentor: polo inferior al punto medio, incluye 0,5 cm de cubierta tisular. No comparable con el arco de Motiva o Silimed"
Mentor,CPG Cohesive III,334-1107,anatomica,texturizada,SILTEX,"CPG 312 · Altura Baja, Proyección Moderada Plus",225,11.0,9.7,4.7,8.6,Cohesive III,Mentor CPG — datos/fuentes/mentor-cpg-anatomicas.pdf,5,"Arco = API de Mentor: polo inferior al punto medio, incluye 0,5 cm de cubierta tisular. No comparable con el arco de Motiva o Silimed"
Mentor,CPG Cohesive III,334-1157,anatomica,texturizada,SILTEX,"CPG 312 · Altura Baja, Proyección Moderada Plus",255,11.5,10.2,4.9,9.0,Cohesive III,Mentor CPG — datos/fuentes/mentor-cpg-anatomicas.pdf,5,"Arco = API de Mentor: polo inferior al punto medio, incluye 0,5 cm de cubierta tisular. No comparable con el arco de Motiva o Silimed"
Mentor,CPG Cohesive III,334-1207,anatomica,texturizada,SILTEX,"CPG 312 · Altura Baja, Proyección Moderada Plus",290,12.0,10.6,5.1,9.3,Cohesive III,Mentor CPG — datos/fuentes/mentor-cpg-anatomicas.pdf,5,"Arco = API de Mentor: polo inferior al punto medio, incluye 0,5 cm de cubierta tisular. No comparable con el arco de Motiva o Silimed"
Mentor,CPG Cohesive III,334-1257,anatomica,texturizada,SILTEX,"CPG 312 · Altura Baja, Proyección Moderada Plus",330,12.5,11.1,5.3,9.7,Cohesive III,Mentor CPG — datos/fuentes/mentor-cpg-anatomicas.pdf,5,"Arco = API de Mentor: polo inferior al punto medio, incluye 0,5 cm de cubierta tisular. No comparable con el arco de Motiva o Silimed"
Mentor,CPG Cohesive III,334-1307,anatomica,texturizada,SILTEX,"CPG 312 · Altura Baja, Proyección Moderada Plus",370,13.0,11.5,5.5,10.0,Cohesive III,Mentor CPG — datos/fuentes/mentor-cpg-anatomicas.pdf,5,"Arco = API de Mentor: polo inferior al punto medio, incluye 0,5 cm de cubierta tisular. No comparable con el arco de Motiva o Silimed"
Mentor,CPG Cohesive III,334-1357,anatomica,texturizada,SILTEX,"CPG 312 · Altura Baja, Proyección Moderada Plus",415,13.5,11.9,5.7,10.4,Cohesive III,Mentor CPG — datos/fuentes/mentor-cpg-anatomicas.pdf,5,"Arco = API de Mentor: polo inferior al punto medio, incluye 0,5 cm de cubierta tisular. No comparable con el arco de Motiva o Silimed"
Mentor,CPG Cohesive III,334-1407,anatomica,texturizada,SILTEX,"CPG 312 · Altura Baja, Proyección Moderada Plus",465,14.0,12.4,5.9,10.8,Cohesive III,Mentor CPG — datos/fuentes/mentor-cpg-anatomicas.pdf,5,"Arco = API de Mentor: polo inferior al punto medio, incluye 0,5 cm de cubierta tisular. No comparable con el arco de Motiva o Silimed"
Mentor,CPG Cohesive III,334-1457,anatomica,texturizada,SILTEX,"CPG 312 · Altura Baja, Proyección Moderada Plus",515,14.5,12.8,6.1,11.1,Cohesive III,Mentor CPG — datos/fuentes/mentor-cpg-anatomicas.pdf,5,"Arco = API de Mentor: polo inferior al punto medio, incluye 0,5 cm de cubierta tisular. No comparable con el arco de Motiva o Silimed"
Mentor,CPG Cohesive III,334-1507,anatomica,texturizada,SILTEX,"CPG 312 · Altura Baja, Proyección Moderada Plus",570,15.0,13.3,6.3,11.5,Cohesive III,Mentor CPG — datos/fuentes/mentor-cpg-anatomicas.pdf,5,"Arco = API de Mentor: polo inferior al punto medio, incluye 0,5 cm de cubierta tisular. No comparable con el arco de Motiva o Silimed"
Mentor,CPG Cohesive III,334-1607,anatomica,texturizada,SILTEX,"CPG 312 · Altura Baja, Proyección Moderada Plus",690,16.0,14.2,6.8,12.2,Cohesive III,Mentor CPG — datos/fuentes/mentor-cpg-anatomicas.pdf,5,"Arco = API de Mentor: polo inferior al punto medio, incluye 0,5 cm de cubierta tisular. No comparable con el arco de Motiva o Silimed"
Mentor,CPG Cohesive III,334-0902,anatomica,texturizada,SILTEX,"CPG 323 · Altura Media, Proyección Alta",165,9.0,8.5,4.6,8.1,Cohesive III,Mentor CPG — datos/fuentes/mentor-cpg-anatomicas.pdf,6,"Arco = API de Mentor: polo inferior al punto medio, incluye 0,5 cm de cubierta tisular. No comparable con el arco de Motiva o Silimed"
Mentor,CPG Cohesive III,334-0952,anatomica,texturizada,SILTEX,"CPG 323 · Altura Media, Proyección Alta",195,9.5,8.9,4.8,8.5,Cohesive III,Mentor CPG — datos/fuentes/mentor-cpg-anatomicas.pdf,6,"Arco = API de Mentor: polo inferior al punto medio, incluye 0,5 cm de cubierta tisular. No comparable con el arco de Motiva o Silimed"
Mentor,CPG Cohesive III,334-1002,anatomica,texturizada,SILTEX,"CPG 323 · Altura Media, Proyección Alta",225,10.0,9.4,5.1,8.9,Cohesive III,Mentor CPG — datos/fuentes/mentor-cpg-anatomicas.pdf,6,"Arco = API de Mentor: polo inferior al punto medio, incluye 0,5 cm de cubierta tisular. No comparable con el arco de Motiva o Silimed"
Mentor,CPG Cohesive III,334-1052,anatomica,texturizada,SILTEX,"CPG 323 · Altura Media, Proyección Alta",260,10.5,9.9,5.3,9.3,Cohesive III,Mentor CPG — datos/fuentes/mentor-cpg-anatomicas.pdf,6,"Arco = API de Mentor: polo inferior al punto medio, incluye 0,5 cm de cubierta tisular. No comparable con el arco de Motiva o Silimed"
Mentor,CPG Cohesive III,334-1102,anatomica,texturizada,SILTEX,"CPG 323 · Altura Media, Proyección Alta",300,11.0,10.3,5.6,9.7,Cohesive III,Mentor CPG — datos/fuentes/mentor-cpg-anatomicas.pdf,6,"Arco = API de Mentor: polo inferior al punto medio, incluye 0,5 cm de cubierta tisular. No comparable con el arco de Motiva o Silimed"
Mentor,CPG Cohesive III,334-1152,anatomica,texturizada,SILTEX,"CPG 323 · Altura Media, Proyección Alta",345,11.5,10.8,5.8,10.1,Cohesive III,Mentor CPG — datos/fuentes/mentor-cpg-anatomicas.pdf,6,"Arco = API de Mentor: polo inferior al punto medio, incluye 0,5 cm de cubierta tisular. No comparable con el arco de Motiva o Silimed"
Mentor,CPG Cohesive III,334-1202,anatomica,texturizada,SILTEX,"CPG 323 · Altura Media, Proyección Alta",390,12.0,11.3,6.0,10.5,Cohesive III,Mentor CPG — datos/fuentes/mentor-cpg-anatomicas.pdf,6,"Arco = API de Mentor: polo inferior al punto medio, incluye 0,5 cm de cubierta tisular. No comparable con el arco de Motiva o Silimed"
Mentor,CPG Cohesive III,334-1252,anatomica,texturizada,SILTEX,"CPG 323 · Altura Media, Proyección Alta",440,12.5,11.8,6.2,10.9,Cohesive III,Mentor CPG — datos/fuentes/mentor-cpg-anatomicas.pdf,6,"Arco = API de Mentor: polo inferior al punto medio, incluye 0,5 cm de cubierta tisular. No comparable con el arco de Motiva o Silimed"
Mentor,CPG Cohesive III,334-1302,anatomica,texturizada,SILTEX,"CPG 323 · Altura Media, Proyección Alta",495,13.0,12.2,6.5,11.3,Cohesive III,Mentor CPG — datos/fuentes/mentor-cpg-anatomicas.pdf,6,"Arco = API de Mentor: polo inferior al punto medio, incluye 0,5 cm de cubierta tisular. No comparable con el arco de Motiva o Silimed"
Mentor,CPG Cohesive III,334-1352,anatomica,texturizada,SILTEX,"CPG 323 · Altura Media, Proyección Alta",555,13.5,12.7,6.7,11.8,Cohesive III,Mentor CPG — datos/fuentes/mentor-cpg-anatomicas.pdf,6,"Arco = API de Mentor: polo inferior al punto medio, incluye 0,5 cm de cubierta tisular. No comparable con el arco de Motiva o Silimed"
Mentor,CPG Cohesive III,334-1402,anatomica,texturizada,SILTEX,"CPG 323 · Altura Media, Proyección Alta",620,14.0,13.2,6.9,12.2,Cohesive III,Mentor CPG — datos/fuentes/mentor-cpg-anatomicas.pdf,6,"Arco = API de Mentor: polo inferior al punto medio, incluye 0,5 cm de cubierta tisular. No comparable con el arco de Motiva o Silimed"
Mentor,CPG Cohesive III,334-1452,anatomica,texturizada,SILTEX,"CPG 323 · Altura Media, Proyección Alta",685,14.5,13.6,7.1,12.6,Cohesive III,Mentor CPG — datos/fuentes/mentor-cpg-anatomicas.pdf,6,"Arco = API de Mentor: polo inferior al punto medio, incluye 0,5 cm de cubierta tisular. No comparable con el arco de Motiva o Silimed"
Mentor,CPG Cohesive III,334-0904,anatomica,texturizada,SILTEX,"CPG 333 · Altura Elevada, Proyección Alta",180,9.0,9.4,4.6,8.4,Cohesive III,Mentor CPG — datos/fuentes/mentor-cpg-anatomicas.pdf,6,"Arco = API de Mentor: polo inferior al punto medio, incluye 0,5 cm de cubierta tisular. No comparable con el arco de Motiva o Silimed"
Mentor,CPG Cohesive III,334-0954,anatomica,texturizada,SILTEX,"CPG 333 · Altura Elevada, Proyección Alta",215,9.5,9.9,4.8,8.8,Cohesive III,Mentor CPG — datos/fuentes/mentor-cpg-anatomicas.pdf,6,"Arco = API de Mentor: polo inferior al punto medio, incluye 0,5 cm de cubierta tisular. No comparable con el arco de Motiva o Silimed"
Mentor,CPG Cohesive III,334-1004,anatomica,texturizada,SILTEX,"CPG 333 · Altura Elevada, Proyección Alta",250,10.0,10.4,5.1,9.3,Cohesive III,Mentor CPG — datos/fuentes/mentor-cpg-anatomicas.pdf,6,"Arco = API de Mentor: polo inferior al punto medio, incluye 0,5 cm de cubierta tisular. No comparable con el arco de Motiva o Silimed"
Mentor,CPG Cohesive III,334-1054,anatomica,texturizada,SILTEX,"CPG 333 · Altura Elevada, Proyección Alta",290,10.5,10.9,5.3,9.7,Cohesive III,Mentor CPG — datos/fuentes/mentor-cpg-anatomicas.pdf,6,"Arco = API de Mentor: polo inferior al punto medio, incluye 0,5 cm de cubierta tisular. No comparable con el arco de Motiva o Silimed"
Mentor,CPG Cohesive III,334-1104,anatomica,texturizada,SILTEX,"CPG 333 · Altura Elevada, Proyección Alta",330,11.0,11.5,5.6,10.1,Cohesive III,Mentor CPG — datos/fuentes/mentor-cpg-anatomicas.pdf,6,"Arco = API de Mentor: polo inferior al punto medio, incluye 0,5 cm de cubierta tisular. No comparable con el arco de Motiva o Silimed"
Mentor,CPG Cohesive III,334-1154,anatomica,texturizada,SILTEX,"CPG 333 · Altura Elevada, Proyección Alta",380,11.5,12.0,5.8,10.5,Cohesive III,Mentor CPG — datos/fuentes/mentor-cpg-anatomicas.pdf,6,"Arco = API de Mentor: polo inferior al punto medio, incluye 0,5 cm de cubierta tisular. No comparable con el arco de Motiva o Silimed"
Mentor,CPG Cohesive III,334-1204,anatomica,texturizada,SILTEX,"CPG 333 · Altura Elevada, Proyección Alta",430,12.0,12.5,6.0,11.0,Cohesive III,Mentor CPG — datos/fuentes/mentor-cpg-anatomicas.pdf,6,"Arco = API de Mentor: polo inferior al punto medio, incluye 0,5 cm de cubierta tisular. No comparable con el arco de Motiva o Silimed"
Mentor,CPG Cohesive III,334-1254,anatomica,texturizada,SILTEX,"CPG 333 · Altura Elevada, Proyección Alta",485,12.5,13.0,6.2,11.4,Cohesive III,Mentor CPG — datos/fuentes/mentor-cpg-anatomicas.pdf,6,"Arco = API de Mentor: polo inferior al punto medio, incluye 0,5 cm de cubierta tisular. No comparable con el arco de Motiva o Silimed"
Mentor,CPG Cohesive III,334-1304,anatomica,texturizada,SILTEX,"CPG 333 · Altura Elevada, Proyección Alta",545,13.0,13.5,6.5,11.8,Cohesive III,Mentor CPG — datos/fuentes/mentor-cpg-anatomicas.pdf,6,"Arco = API de Mentor: polo inferior al punto medio, incluye 0,5 cm de cubierta tisular. No comparable con el arco de Motiva o Silimed"
Mentor,CPG Cohesive III,334-1354,anatomica,texturizada,SILTEX,"CPG 333 · Altura Elevada, Proyección Alta",610,13.5,14.1,6.7,12.2,Cohesive III,Mentor CPG — datos/fuentes/mentor-cpg-anatomicas.pdf,6,"Arco = API de Mentor: polo inferior al punto medio, incluye 0,5 cm de cubierta tisular. No comparable con el arco de Motiva o Silimed"
Mentor,CPG Cohesive III,334-1404,anatomica,texturizada,SILTEX,"CPG 333 · Altura Elevada, Proyección Alta",680,14.0,14.6,6.9,12.7,Cohesive III,Mentor CPG — datos/fuentes/mentor-cpg-anatomicas.pdf,6,"Arco = API de Mentor: polo inferior al punto medio, incluye 0,5 cm de cubierta tisular. No comparable con el arco de Motiva o Silimed"
Mentor,CPG Cohesive III,334-1454,anatomica,texturizada,SILTEX,"CPG 333 · Altura Elevada, Proyección Alta",755,14.5,15.1,7.1,13.1,Cohesive III,Mentor CPG — datos/fuentes/mentor-cpg-anatomicas.pdf,6,"Arco = API de Mentor: polo inferior al punto medio, incluye 0,5 cm de cubierta tisular. No comparable con el arco de Motiva o Silimed"
Mentor,CPG Cohesive III,334-0906,anatomica,texturizada,SILTEX,"CPG 313 · Altura Baja, Proyección Alta",130,9.0,8.1,4.4,7.6,Cohesive III,Mentor CPG — datos/fuentes/mentor-cpg-anatomicas.pdf,7,"Arco = API de Mentor: polo inferior al punto medio, incluye 0,5 cm de cubierta tisular. No comparable con el arco de Motiva o Silimed"
Mentor,CPG Cohesive III,334-0956,anatomica,texturizada,SILTEX,"CPG 313 · Altura Baja, Proyección Alta",155,9.5,8.6,4.5,7.8,Cohesive III,Mentor CPG — datos/fuentes/mentor-cpg-anatomicas.pdf,7,"Arco = API de Mentor: polo inferior al punto medio, incluye 0,5 cm de cubierta tisular. No comparable con el arco de Motiva o Silimed"
Mentor,CPG Cohesive III,334-1006,anatomica,texturizada,SILTEX,"CPG 313 · Altura Baja, Proyección Alta",180,10.0,9.0,4.6,8.3,Cohesive III,Mentor CPG — datos/fuentes/mentor-cpg-anatomicas.pdf,7,"Arco = API de Mentor: polo inferior al punto medio, incluye 0,5 cm de cubierta tisular. No comparable con el arco de Motiva o Silimed"
Mentor,CPG Cohesive III,334-1056,anatomica,texturizada,SILTEX,"CPG 313 · Altura Baja, Proyección Alta",210,10.5,9.5,4.8,8.7,Cohesive III,Mentor CPG — datos/fuentes/mentor-cpg-anatomicas.pdf,7,"Arco = API de Mentor: polo inferior al punto medio, incluye 0,5 cm de cubierta tisular. No comparable con el arco de Motiva o Silimed"
Mentor,CPG Cohesive III,334-1106,anatomica,texturizada,SILTEX,"CPG 313 · Altura Baja, Proyección Alta",240,11.0,9.9,4.9,9.1,Cohesive III,Mentor CPG — datos/fuentes/mentor-cpg-anatomicas.pdf,7,"Arco = API de Mentor: polo inferior al punto medio, incluye 0,5 cm de cubierta tisular. No comparable con el arco de Motiva o Silimed"
Mentor,CPG Cohesive III,334-1156,anatomica,texturizada,SILTEX,"CPG 313 · Altura Baja, Proyección Alta",270,11.5,10.3,5.0,9.5,Cohesive III,Mentor CPG — datos/fuentes/mentor-cpg-anatomicas.pdf,7,"Arco = API de Mentor: polo inferior al punto medio, incluye 0,5 cm de cubierta tisular. No comparable con el arco de Motiva o Silimed"
Mentor,CPG Cohesive III,334-1206,anatomica,texturizada,SILTEX,"CPG 313 · Altura Baja, Proyección Alta",310,12.0,10.8,5.2,9.9,Cohesive III,Mentor CPG — datos/fuentes/mentor-cpg-anatomicas.pdf,7,"Arco = API de Mentor: polo inferior al punto medio, incluye 0,5 cm de cubierta tisular. No comparable con el arco de Motiva o Silimed"
Mentor,CPG Cohesive III,334-1256,anatomica,texturizada,SILTEX,"CPG 313 · Altura Baja, Proyección Alta",350,12.5,11.2,5.4,10.2,Cohesive III,Mentor CPG — datos/fuentes/mentor-cpg-anatomicas.pdf,7,"Arco = API de Mentor: polo inferior al punto medio, incluye 0,5 cm de cubierta tisular. No comparable con el arco de Motiva o Silimed"
Mentor,CPG Cohesive III,334-1306,anatomica,texturizada,SILTEX,"CPG 313 · Altura Baja, Proyección Alta",395,13.0,11.7,5.6,10.6,Cohesive III,Mentor CPG — datos/fuentes/mentor-cpg-anatomicas.pdf,7,"Arco = API de Mentor: polo inferior al punto medio, incluye 0,5 cm de cubierta tisular. No comparable con el arco de Motiva o Silimed"
Mentor,CPG Cohesive III,334-1356,anatomica,texturizada,SILTEX,"CPG 313 · Altura Baja, Proyección Alta",440,13.5,12.2,5.8,11.0,Cohesive III,Mentor CPG — datos/fuentes/mentor-cpg-anatomicas.pdf,7,"Arco = API de Mentor: polo inferior al punto medio, incluye 0,5 cm de cubierta tisular. No comparable con el arco de Motiva o Silimed"
Mentor,CPG Cohesive III,334-1406,anatomica,texturizada,SILTEX,"CPG 313 · Altura Baja, Proyección Alta",490,14.0,12.6,6.1,11.4,Cohesive III,Mentor CPG — datos/fuentes/mentor-cpg-anatomicas.pdf,7,"Arco = API de Mentor: polo inferior al punto medio, incluye 0,5 cm de cubierta tisular. No comparable con el arco de Motiva o Silimed"
Mentor,CPG Cohesive III,334-1456,anatomica,texturizada,SILTEX,"CPG 313 · Altura Baja, Proyección Alta",545,14.5,13.1,6.3,11.7,Cohesive III,Mentor CPG — datos/fuentes/mentor-cpg-anatomicas.pdf,7,"Arco = API de Mentor: polo inferior al punto medio, incluye 0,5 cm de cubierta tisular. No comparable con el arco de Motiva o Silimed"
Mentor,CPG Cohesive III,334-1506,anatomica,texturizada,SILTEX,"CPG 313 · Altura Baja, Proyección Alta",605,15.0,13.5,6.6,12.1,Cohesive III,Mentor CPG — datos/fuentes/mentor-cpg-anatomicas.pdf,7,"Arco = API de Mentor: polo inferior al punto medio, incluye 0,5 cm de cubierta tisular. No comparable con el arco de Motiva o Silimed"
Polytech,Même SublimeLine,10725-105,redonda,lisa,POLYsmoooth,Même SMS Lisa Proyección Moderada,105,8.0,8.0,3.1,5.3,EasyFit Gel,"Polytech (Biocablan, feb. 2021, nº 1) — datos/fuentes/polytech-biocablan-2021.pdf",10,
Polytech,Même SublimeLine,10725-120,redonda,lisa,POLYsmoooth,Même SMS Lisa Proyección Moderada,120,8.5,8.5,3.2,5.6,EasyFit Gel,"Polytech (Biocablan, feb. 2021, nº 1) — datos/fuentes/polytech-biocablan-2021.pdf",10,
Polytech,Même SublimeLine,10724-110,redonda,lisa,POLYsmoooth,Même SLS Lisa Proyección Baja,110,9.0,9.0,2.6,5.4,EasyFit Gel,"Polytech (Biocablan, feb. 2021, nº 1) — datos/fuentes/polytech-biocablan-2021.pdf",10,
Polytech,Même SublimeLine,10725-145,redonda,lisa,POLYsmoooth,Même SMS Lisa Proyección Moderada,145,9.0,9.0,3.3,5.9,EasyFit Gel,"Polytech (Biocablan, feb. 2021, nº 1) — datos/fuentes/polytech-biocablan-2021.pdf",10,
Polytech,Même SublimeLine,10724-125,redonda,lisa,POLYsmoooth,Même SLS Lisa Proyección Baja,125,9.5,9.5,2.7,5.7,EasyFit Gel,"Polytech (Biocablan, feb. 2021, nº 1) — datos/fuentes/polytech-biocablan-2021.pdf",10,
Polytech,Même SublimeLine,10725-165,redonda,lisa,POLYsmoooth,Même SMS Lisa Proyección Moderada,165,9.5,9.5,3.5,6.2,EasyFit Gel,"Polytech (Biocablan, feb. 2021, nº 1) — datos/fuentes/polytech-biocablan-2021.pdf",10,
Polytech,Même SublimeLine,10724-150,redonda,lisa,POLYsmoooth,Même SLS Lisa Proyección Baja,150,10.0,10.0,2.8,6.0,EasyFit Gel,"Polytech (Biocablan, feb. 2021, nº 1) — datos/fuentes/polytech-biocablan-2021.pdf",10,
Polytech,Même SublimeLine,10725-195,redonda,lisa,POLYsmoooth,Même SMS Lisa Proyección Moderada,195,10.0,10.0,3.6,6.5,EasyFit Gel,"Polytech (Biocablan, feb. 2021, nº 1) — datos/fuentes/polytech-biocablan-2021.pdf",10,
Polytech,Même SublimeLine,10724-165,redonda,lisa,POLYsmoooth,Même SLS Lisa Proyección Baja,165,10.5,10.5,2.9,6.2,EasyFit Gel,"Polytech (Biocablan, feb. 2021, nº 1) — datos/fuentes/polytech-biocablan-2021.pdf",10,
Polytech,Même SublimeLine,10725-220,redonda,lisa,POLYsmoooth,Même SMS Lisa Proyección Moderada,220,10.5,10.5,3.7,6.8,EasyFit Gel,"Polytech (Biocablan, feb. 2021, nº 1) — datos/fuentes/polytech-biocablan-2021.pdf",10,
Polytech,Même SublimeLine,10724-185,redonda,lisa,POLYsmoooth,Même SLS Lisa Proyección Baja,185,11.0,11.0,2.9,6.5,EasyFit Gel,"Polytech (Biocablan, feb. 2021, nº 1) — datos/fuentes/polytech-biocablan-2021.pdf",10,
Polytech,Même SublimeLine,10725-255,redonda,lisa,POLYsmoooth,Même SMS Lisa Proyección Moderada,255,11.0,11.0,3.8,7.1,EasyFit Gel,"Polytech (Biocablan, feb. 2021, nº 1) — datos/fuentes/polytech-biocablan-2021.pdf",10,
Polytech,Même SublimeLine,10724-215,redonda,lisa,POLYsmoooth,Même SLS Lisa Proyección Baja,215,11.5,11.5,3.0,6.8,EasyFit Gel,"Polytech (Biocablan, feb. 2021, nº 1) — datos/fuentes/polytech-biocablan-2021.pdf",10,
Polytech,Même SublimeLine,10725-285,redonda,lisa,POLYsmoooth,Même SMS Lisa Proyección Moderada,285,11.5,11.5,4.0,7.4,EasyFit Gel,"Polytech (Biocablan, feb. 2021, nº 1) — datos/fuentes/polytech-biocablan-2021.pdf",10,
Polytech,Même SublimeLine,10725-300,redonda,lisa,POLYsmoooth,Même SMS Lisa Proyección Moderada,300,11.75,11.75,4.0,7.5,EasyFit Gel,"Polytech (Biocablan, feb. 2021, nº 1) — datos/fuentes/polytech-biocablan-2021.pdf",10,
Polytech,Même SublimeLine,10724-235,redonda,lisa,POLYsmoooth,Même SLS Lisa Proyección Baja,235,12.0,12.0,3.1,7.1,EasyFit Gel,"Polytech (Biocablan, feb. 2021, nº 1) — datos/fuentes/polytech-biocablan-2021.pdf",10,
Polytech,Même SublimeLine,10725-320,redonda,lisa,POLYsmoooth,Même SMS Lisa Proyección Moderada,320,12.0,12.0,4.1,7.7,EasyFit Gel,"Polytech (Biocablan, feb. 2021, nº 1) — datos/fuentes/polytech-biocablan-2021.pdf",10,
Polytech,Même SublimeLine,10724-270,redonda,lisa,POLYsmoooth,Même SLS Lisa Proyección Baja,270,12.5,12.5,3.2,7.3,EasyFit Gel,"Polytech (Biocablan, feb. 2021, nº 1) — datos/fuentes/polytech-biocablan-2021.pdf",10,
Polytech,Même SublimeLine,10725-360,redonda,lisa,POLYsmoooth,Même SMS Lisa Proyección Moderada,360,12.5,12.5,4.3,8.0,EasyFit Gel,"Polytech (Biocablan, feb. 2021, nº 1) — datos/fuentes/polytech-biocablan-2021.pdf",10,
Polytech,Même SublimeLine,10724-295,redonda,lisa,POLYsmoooth,Même SLS Lisa Proyección Baja,295,13.0,13.0,3.3,7.6,EasyFit Gel,"Polytech (Biocablan, feb. 2021, nº 1) — datos/fuentes/polytech-biocablan-2021.pdf",10,
Polytech,Même SublimeLine,10725-400,redonda,lisa,POLYsmoooth,Même SMS Lisa Proyección Moderada,400,13.0,13.0,4.4,8.3,EasyFit Gel,"Polytech (Biocablan, feb. 2021, nº 1) — datos/fuentes/polytech-biocablan-2021.pdf",10,
Polytech,Même SublimeLine,10725-445,redonda,lisa,POLYsmoooth,Même SMS Lisa Proyección Moderada,445,13.5,13.5,4.5,8.6,EasyFit Gel,"Polytech (Biocablan, feb. 2021, nº 1) — datos/fuentes/polytech-biocablan-2021.pdf",10,
Polytech,Même SublimeLine,10724-365,redonda,lisa,POLYsmoooth,Même SLS Lisa Proyección Baja,365,14.0,14.0,3.5,8.2,EasyFit Gel,"Polytech (Biocablan, feb. 2021, nº 1) — datos/fuentes/polytech-biocablan-2021.pdf",10,
Polytech,Même SublimeLine,10725-495,redonda,lisa,POLYsmoooth,Même SMS Lisa Proyección Moderada,495,14.0,14.0,4.7,8.9,EasyFit Gel,"Polytech (Biocablan, feb. 2021, nº 1) — datos/fuentes/polytech-biocablan-2021.pdf",10,
Polytech,Même SublimeLine,10726-125,redonda,lisa,POLYsmoooth,Même SHS Lisa Proyección Alta,125,8.0,8.0,3.7,5.8,EasyFit Gel,"Polytech (Biocablan, feb. 2021, nº 1) — datos/fuentes/polytech-biocablan-2021.pdf",11,
Polytech,Même SublimeLine,10727-155,redonda,lisa,POLYsmoooth,Même SXS Lisa Proyección Extra Alta,155,8.0,8.0,4.5,6.2,EasyFit Gel,"Polytech (Biocablan, feb. 2021, nº 1) — datos/fuentes/polytech-biocablan-2021.pdf",11,
Polytech,Même SublimeLine,10725-155,redonda,lisa,POLYsmoooth,Même SHS Lisa Proyección Alta,155,8.5,8.5,3.9,6.1,EasyFit Gel,"Polytech (Biocablan, feb. 2021, nº 1) — datos/fuentes/polytech-biocablan-2021.pdf",11,
Polytech,Même SublimeLine,10727-180,redonda,lisa,POLYsmoooth,Même SXS Lisa Proyección Extra Alta,180,8.5,8.5,4.7,6.6,EasyFit Gel,"Polytech (Biocablan, feb. 2021, nº 1) — datos/fuentes/polytech-biocablan-2021.pdf",11,
Polytech,Même SublimeLine,10726-180,redonda,lisa,POLYsmoooth,Même SHS Lisa Proyección Alta,180,9.0,9.0,4.0,6.4,EasyFit Gel,"Polytech (Biocablan, feb. 2021, nº 1) — datos/fuentes/polytech-biocablan-2021.pdf",11,
Polytech,Même SublimeLine,10727-215,redonda,lisa,POLYsmoooth,Même SXS Lisa Proyección Extra Alta,215,9.0,9.0,4.9,6.9,EasyFit Gel,"Polytech (Biocablan, feb. 2021, nº 1) — datos/fuentes/polytech-biocablan-2021.pdf",11,
Polytech,Même SublimeLine,10726-210,redonda,lisa,POLYsmoooth,Même SHS Lisa Proyección Alta,210,9.5,9.5,4.2,6.7,EasyFit Gel,"Polytech (Biocablan, feb. 2021, nº 1) — datos/fuentes/polytech-biocablan-2021.pdf",11,
Polytech,Même SublimeLine,10727-250,redonda,lisa,POLYsmoooth,Même SXS Lisa Proyección Extra Alta,250,9.5,9.5,5.1,7.3,EasyFit Gel,"Polytech (Biocablan, feb. 2021, nº 1) — datos/fuentes/polytech-biocablan-2021.pdf",11,
Polytech,Même SublimeLine,10726-235,redonda,lisa,POLYsmoooth,Même SHS Lisa Proyección Alta,235,10.0,10.0,4.4,7.1,EasyFit Gel,"Polytech (Biocablan, feb. 2021, nº 1) — datos/fuentes/polytech-biocablan-2021.pdf",11,
Polytech,Même SublimeLine,10727-285,redonda,lisa,POLYsmoooth,Même SXS Lisa Proyección Extra Alta,285,10.0,10.0,5.3,7.7,EasyFit Gel,"Polytech (Biocablan, feb. 2021, nº 1) — datos/fuentes/polytech-biocablan-2021.pdf",11,
Polytech,Même SublimeLine,10726-255,redonda,lisa,POLYsmoooth,Même SHS Lisa Proyección Alta,255,10.3,10.3,4.5,7.2,EasyFit Gel,"Polytech (Biocablan, feb. 2021, nº 1) — datos/fuentes/polytech-biocablan-2021.pdf",11,
Polytech,Même SublimeLine,10726-275,redonda,lisa,POLYsmoooth,Même SHS Lisa Proyección Alta,275,10.5,10.5,4.5,7.4,EasyFit Gel,"Polytech (Biocablan, feb. 2021, nº 1) — datos/fuentes/polytech-biocablan-2021.pdf",11,
Polytech,Même SublimeLine,10727-330,redonda,lisa,POLYsmoooth,Même SXS Lisa Proyección Extra Alta,330,10.5,10.5,5.5,8.0,EasyFit Gel,"Polytech (Biocablan, feb. 2021, nº 1) — datos/fuentes/polytech-biocablan-2021.pdf",11,
Polytech,Même SublimeLine,10726-295,redonda,lisa,POLYsmoooth,Même SHS Lisa Proyección Alta,295,10.8,10.8,4.6,7.5,EasyFit Gel,"Polytech (Biocablan, feb. 2021, nº 1) — datos/fuentes/polytech-biocablan-2021.pdf",11,
Polytech,Même SublimeLine,10726-315,redonda,lisa,POLYsmoooth,Même SHS Lisa Proyección Alta,315,11.0,11.0,4.7,7.7,EasyFit Gel,"Polytech (Biocablan, feb. 2021, nº 1) — datos/fuentes/polytech-biocablan-2021.pdf",11,
Polytech,Même SublimeLine,10727-380,redonda,lisa,POLYsmoooth,Même SXS Lisa Proyección Extra Alta,380,11.0,11.0,5.7,8.4,EasyFit Gel,"Polytech (Biocablan, feb. 2021, nº 1) — datos/fuentes/polytech-biocablan-2021.pdf",11,
Polytech,Même SublimeLine,10726-335,redonda,lisa,POLYsmoooth,Même SHS Lisa Proyección Alta,335,11.3,11.3,4.8,7.8,EasyFit Gel,"Polytech (Biocablan, feb. 2021, nº 1) — datos/fuentes/polytech-biocablan-2021.pdf",11,
Polytech,Même SublimeLine,10726-360,redonda,lisa,POLYsmoooth,Même SHS Lisa Proyección Alta,360,11.5,11.5,4.9,8.0,EasyFit Gel,"Polytech (Biocablan, feb. 2021, nº 1) — datos/fuentes/polytech-biocablan-2021.pdf",11,
Polytech,Même SublimeLine,10727-430,redonda,lisa,POLYsmoooth,Même SXS Lisa Proyección Extra Alta,430,11.5,11.5,5.9,8.7,EasyFit Gel,"Polytech (Biocablan, feb. 2021, nº 1) — datos/fuentes/polytech-biocablan-2021.pdf",11,
Polytech,Même SublimeLine,10726-400,redonda,lisa,POLYsmoooth,Même SHS Lisa Proyección Alta,400,12.0,12.0,5.1,8.3,EasyFit Gel,"Polytech (Biocablan, feb. 2021, nº 1) — datos/fuentes/polytech-biocablan-2021.pdf",11,
Polytech,Même SublimeLine,10727-485,redonda,lisa,POLYsmoooth,Même SXS Lisa Proyección Extra Alta,485,12.0,12.0,6.1,9.1,EasyFit Gel,"Polytech (Biocablan, feb. 2021, nº 1) — datos/fuentes/polytech-biocablan-2021.pdf",11,
Polytech,Même SublimeLine,10726-450,redonda,lisa,POLYsmoooth,Même SHS Lisa Proyección Alta,450,12.5,12.5,5.3,8.7,EasyFit Gel,"Polytech (Biocablan, feb. 2021, nº 1) — datos/fuentes/polytech-biocablan-2021.pdf",11,
Polytech,Même SublimeLine,10727-545,redonda,lisa,POLYsmoooth,Même SXS Lisa Proyección Extra Alta,545,12.5,12.5,6.3,9.4,EasyFit Gel,"Polytech (Biocablan, feb. 2021, nº 1) — datos/fuentes/polytech-biocablan-2021.pdf",11,
Polytech,Même SublimeLine,10726-505,redonda,lisa,POLYsmoooth,Même SHS Lisa Proyección Alta,505,13.0,13.0,5.5,9.0,EasyFit Gel,"Polytech (Biocablan, feb. 2021, nº 1) — datos/fuentes/polytech-biocablan-2021.pdf",11,
Polytech,Même SublimeLine,10727-610,redonda,lisa,POLYsmoooth,Même SXS Lisa Proyección Extra Alta,610,13.0,13.0,6.5,9.8,EasyFit Gel,"Polytech (Biocablan, feb. 2021, nº 1) — datos/fuentes/polytech-biocablan-2021.pdf",11,
Polytech,Même SublimeLine,10726-560,redonda,lisa,POLYsmoooth,Même SHS Lisa Proyección Alta,560,13.5,13.5,5.7,9.3,EasyFit Gel,"Polytech (Biocablan, feb. 2021, nº 1) — datos/fuentes/polytech-biocablan-2021.pdf",11,
Polytech,Même SublimeLine,10727-675,redonda,lisa,POLYsmoooth,Même SXS Lisa Proyección Extra Alta,675,13.5,13.5,6.7,10.1,EasyFit Gel,"Polytech (Biocablan, feb. 2021, nº 1) — datos/fuentes/polytech-biocablan-2021.pdf",11,
Polytech,Même SublimeLine,10726-620,redonda,lisa,POLYsmoooth,Même SHS Lisa Proyección Alta,620,14.0,14.0,5.9,9.6,EasyFit Gel,"Polytech (Biocablan, feb. 2021, nº 1) — datos/fuentes/polytech-biocablan-2021.pdf",11,
Polytech,Même SublimeLine,10727-755,redonda,lisa,POLYsmoooth,Même SXS Lisa Proyección Extra Alta,755,14.0,14.0,6.9,10.5,EasyFit Gel,"Polytech (Biocablan, feb. 2021, nº 1) — datos/fuentes/polytech-biocablan-2021.pdf",11,
Polytech,Même SublimeLine,10726-690,redonda,lisa,POLYsmoooth,Même SHS Lisa Proyección Alta,690,14.5,14.5,6.1,10.0,EasyFit Gel,"Polytech (Biocablan, feb. 2021, nº 1) — datos/fuentes/polytech-biocablan-2021.pdf",11,
Polytech,Même SublimeLine,10727-830,redonda,lisa,POLYsmoooth,Même SXS Lisa Proyección Extra Alta,830,14.5,14.5,7.1,10.8,EasyFit Gel,"Polytech (Biocablan, feb. 2021, nº 1) — datos/fuentes/polytech-biocablan-2021.pdf",11,
Polytech,Même SublimeLine,10726-760,redonda,lisa,POLYsmoooth,Même SHS Lisa Proyección Alta,760,15.0,15.0,6.2,10.3,EasyFit Gel,"Polytech (Biocablan, feb. 2021, nº 1) — datos/fuentes/polytech-biocablan-2021.pdf",11,
Polytech,Même SublimeLine,10727-920,redonda,lisa,POLYsmoooth,Même SXS Lisa Proyección Extra Alta,920,15.0,15.0,7.3,11.2,EasyFit Gel,"Polytech (Biocablan, feb. 2021, nº 1) — datos/fuentes/polytech-biocablan-2021.pdf",11,
Polytech,Même SublimeLine,15725-105,redonda,microtexturizada,MESMO,Même MMS Microtexturada Proyección Moderada,105,8.0,8.0,3.1,5.3,EasyFit Gel,"Polytech (Biocablan, feb. 2021, nº 1) — datos/fuentes/polytech-biocablan-2021.pdf",14,
Polytech,Même SublimeLine,15725-120,redonda,microtexturizada,MESMO,Même MMS Microtexturada Proyección Moderada,120,8.5,8.5,3.2,5.6,EasyFit Gel,"Polytech (Biocablan, feb. 2021, nº 1) — datos/fuentes/polytech-biocablan-2021.pdf",14,
Polytech,Même SublimeLine,15724-110,redonda,microtexturizada,MESMO,Même MLS Microtexturada Proyección Baja,110,9.0,9.0,2.6,5.4,EasyFit Gel,"Polytech (Biocablan, feb. 2021, nº 1) — datos/fuentes/polytech-biocablan-2021.pdf",14,
Polytech,Même SublimeLine,15725-145,redonda,microtexturizada,MESMO,Même MMS Microtexturada Proyección Moderada,145,9.0,9.0,3.3,5.9,EasyFit Gel,"Polytech (Biocablan, feb. 2021, nº 1) — datos/fuentes/polytech-biocablan-2021.pdf",14,
Polytech,Même SublimeLine,15724-125,redonda,microtexturizada,MESMO,Même MLS Microtexturada Proyección Baja,125,9.5,9.5,2.7,5.7,EasyFit Gel,"Polytech (Biocablan, feb. 2021, nº 1) — datos/fuentes/polytech-biocablan-2021.pdf",14,
Polytech,Même SublimeLine,15725-165,redonda,microtexturizada,MESMO,Même MMS Microtexturada Proyección Moderada,165,9.5,9.5,3.5,6.2,EasyFit Gel,"Polytech (Biocablan, feb. 2021, nº 1) — datos/fuentes/polytech-biocablan-2021.pdf",14,
Polytech,Même SublimeLine,15724-150,redonda,microtexturizada,MESMO,Même MLS Microtexturada Proyección Baja,150,10.0,10.0,2.8,6.0,EasyFit Gel,"Polytech (Biocablan, feb. 2021, nº 1) — datos/fuentes/polytech-biocablan-2021.pdf",14,
Polytech,Même SublimeLine,15725-195,redonda,microtexturizada,MESMO,Même MMS Microtexturada Proyección Moderada,195,10.0,10.0,3.6,6.5,EasyFit Gel,"Polytech (Biocablan, feb. 2021, nº 1) — datos/fuentes/polytech-biocablan-2021.pdf",14,
Polytech,Même SublimeLine,15724-165,redonda,microtexturizada,MESMO,Même MLS Microtexturada Proyección Baja,165,10.5,10.5,2.9,6.2,EasyFit Gel,"Polytech (Biocablan, feb. 2021, nº 1) — datos/fuentes/polytech-biocablan-2021.pdf",14,
Polytech,Même SublimeLine,15725-220,redonda,microtexturizada,MESMO,Même MMS Microtexturada Proyección Moderada,220,10.5,10.5,3.7,6.8,EasyFit Gel,"Polytech (Biocablan, feb. 2021, nº 1) — datos/fuentes/polytech-biocablan-2021.pdf",14,
Polytech,Même SublimeLine,15724-185,redonda,microtexturizada,MESMO,Même MLS Microtexturada Proyección Baja,185,11.0,11.0,2.9,6.5,EasyFit Gel,"Polytech (Biocablan, feb. 2021, nº 1) — datos/fuentes/polytech-biocablan-2021.pdf",14,
Polytech,Même SublimeLine,15725-255,redonda,microtexturizada,MESMO,Même MMS Microtexturada Proyección Moderada,255,11.0,11.0,3.8,7.1,EasyFit Gel,"Polytech (Biocablan, feb. 2021, nº 1) — datos/fuentes/polytech-biocablan-2021.pdf",14,
Polytech,Même SublimeLine,15724-215,redonda,microtexturizada,MESMO,Même MLS Microtexturada Proyección Baja,215,11.5,11.5,3.0,6.8,EasyFit Gel,"Polytech (Biocablan, feb. 2021, nº 1) — datos/fuentes/polytech-biocablan-2021.pdf",14,
Polytech,Même SublimeLine,15725-285,redonda,microtexturizada,MESMO,Même MMS Microtexturada Proyección Moderada,285,11.5,11.5,4.0,7.4,EasyFit Gel,"Polytech (Biocablan, feb. 2021, nº 1) — datos/fuentes/polytech-biocablan-2021.pdf",14,
Polytech,Même SublimeLine,15725-300,redonda,microtexturizada,MESMO,Même MMS Microtexturada Proyección Moderada,300,11.75,11.75,4.0,7.5,EasyFit Gel,"Polytech (Biocablan, feb. 2021, nº 1) — datos/fuentes/polytech-biocablan-2021.pdf",14,
Polytech,Même SublimeLine,15724-235,redonda,microtexturizada,MESMO,Même MLS Microtexturada Proyección Baja,235,12.0,12.0,3.1,7.1,EasyFit Gel,"Polytech (Biocablan, feb. 2021, nº 1) — datos/fuentes/polytech-biocablan-2021.pdf",14,
Polytech,Même SublimeLine,15725-320,redonda,microtexturizada,MESMO,Même MMS Microtexturada Proyección Moderada,320,12.0,12.0,4.1,7.7,EasyFit Gel,"Polytech (Biocablan, feb. 2021, nº 1) — datos/fuentes/polytech-biocablan-2021.pdf",14,
Polytech,Même SublimeLine,15724-270,redonda,microtexturizada,MESMO,Même MLS Microtexturada Proyección Baja,270,12.5,12.5,3.2,7.3,EasyFit Gel,"Polytech (Biocablan, feb. 2021, nº 1) — datos/fuentes/polytech-biocablan-2021.pdf",14,
Polytech,Même SublimeLine,15725-360,redonda,microtexturizada,MESMO,Même MMS Microtexturada Proyección Moderada,360,12.5,12.5,4.3,8.0,EasyFit Gel,"Polytech (Biocablan, feb. 2021, nº 1) — datos/fuentes/polytech-biocablan-2021.pdf",14,
Polytech,Même SublimeLine,15724-295,redonda,microtexturizada,MESMO,Même MLS Microtexturada Proyección Baja,295,13.0,13.0,3.3,7.6,EasyFit Gel,"Polytech (Biocablan, feb. 2021, nº 1) — datos/fuentes/polytech-biocablan-2021.pdf",14,
Polytech,Même SublimeLine,15725-400,redonda,microtexturizada,MESMO,Même MMS Microtexturada Proyección Moderada,400,13.0,13.0,4.4,8.3,EasyFit Gel,"Polytech (Biocablan, feb. 2021, nº 1) — datos/fuentes/polytech-biocablan-2021.pdf",14,
Polytech,Même SublimeLine,15724-330,redonda,microtexturizada,MESMO,Même MLS Microtexturada Proyección Baja,330,13.5,13.5,3.4,7.9,EasyFit Gel,"Polytech (Biocablan, feb. 2021, nº 1) — datos/fuentes/polytech-biocablan-2021.pdf",14,
Polytech,Même SublimeLine,15725-445,redonda,microtexturizada,MESMO,Même MMS Microtexturada Proyección Moderada,445,13.5,13.5,4.5,8.6,EasyFit Gel,"Polytech (Biocablan, feb. 2021, nº 1) — datos/fuentes/polytech-biocablan-2021.pdf",14,
Polytech,Même SublimeLine,15724-365,redonda,microtexturizada,MESMO,Même MLS Microtexturada Proyección Baja,365,14.0,14.0,3.5,8.2,EasyFit Gel,"Polytech (Biocablan, feb. 2021, nº 1) — datos/fuentes/polytech-biocablan-2021.pdf",14,
Polytech,Même SublimeLine,15725-495,redonda,microtexturizada,MESMO,Même MMS Microtexturada Proyección Moderada,495,14.0,14.0,4.7,8.9,EasyFit Gel,"Polytech (Biocablan, feb. 2021, nº 1) — datos/fuentes/polytech-biocablan-2021.pdf",14,
Polytech,Même SublimeLine,15725-545,redonda,microtexturizada,MESMO,Même MMS Microtexturada Proyección Moderada,545,14.5,14.5,4.8,9.2,EasyFit Gel,"Polytech (Biocablan, feb. 2021, nº 1) — datos/fuentes/polytech-biocablan-2021.pdf",14,
Polytech,Même SublimeLine,15725-600,redonda,microtexturizada,MESMO,Même MMS Microtexturada Proyección Moderada,600,15.0,15.0,4.9,9.5,EasyFit Gel,"Polytech (Biocablan, feb. 2021, nº 1) — datos/fuentes/polytech-biocablan-2021.pdf",14,
Polytech,Même SublimeLine,15725-660,redonda,microtexturizada,MESMO,Même MMS Microtexturada Proyección Moderada,660,15.5,15.5,5.1,9.8,EasyFit Gel,"Polytech (Biocablan, feb. 2021, nº 1) — datos/fuentes/polytech-biocablan-2021.pdf",14,
Polytech,Même SublimeLine,15726-110,redonda,microtexturizada,MESMO,Même MHS Microtexturada Proyección Alta,110,7.5,7.5,3.6,5.4,EasyFit Gel,"Polytech (Biocablan, feb. 2021, nº 1) — datos/fuentes/polytech-biocablan-2021.pdf",15,
Polytech,Même SublimeLine,15726-125,redonda,microtexturizada,MESMO,Même MHS Microtexturada Proyección Alta,125,8.0,8.0,3.7,5.8,EasyFit Gel,"Polytech (Biocablan, feb. 2021, nº 1) — datos/fuentes/polytech-biocablan-2021.pdf",15,
Polytech,Même SublimeLine,15727-155,redonda,microtexturizada,MESMO,Même MXS Microtexturada Proyección Extra Alta,155,8.0,8.0,4.5,6.2,EasyFit Gel,"Polytech (Biocablan, feb. 2021, nº 1) — datos/fuentes/polytech-biocablan-2021.pdf",15,
Polytech,Même SublimeLine,15725-155,redonda,microtexturizada,MESMO,Même MHS Microtexturada Proyección Alta,155,8.5,8.5,3.9,6.1,EasyFit Gel,"Polytech (Biocablan, feb. 2021, nº 1) — datos/fuentes/polytech-biocablan-2021.pdf",15,
Polytech,Même SublimeLine,15727-180,redonda,microtexturizada,MESMO,Même MXS Microtexturada Proyección Extra Alta,180,8.5,8.5,4.7,6.6,EasyFit Gel,"Polytech (Biocablan, feb. 2021, nº 1) — datos/fuentes/polytech-biocablan-2021.pdf",15,
Polytech,Même SublimeLine,15726-180,redonda,microtexturizada,MESMO,Même MHS Microtexturada Proyección Alta,180,9.0,9.0,4.0,6.4,EasyFit Gel,"Polytech (Biocablan, feb. 2021, nº 1) — datos/fuentes/polytech-biocablan-2021.pdf",15,
Polytech,Même SublimeLine,15727-215,redonda,microtexturizada,MESMO,Même MXS Microtexturada Proyección Extra Alta,215,9.0,9.0,4.9,6.9,EasyFit Gel,"Polytech (Biocablan, feb. 2021, nº 1) — datos/fuentes/polytech-biocablan-2021.pdf",15,
Polytech,Même SublimeLine,15726-210,redonda,microtexturizada,MESMO,Même MHS Microtexturada Proyección Alta,210,9.5,9.5,4.2,6.7,EasyFit Gel,"Polytech (Biocablan, feb. 2021, nº 1) — datos/fuentes/polytech-biocablan-2021.pdf",15,
Polytech,Même SublimeLine,15727-250,redonda,microtexturizada,MESMO,Même MXS Microtexturada Proyección Extra Alta,250,9.5,9.5,5.1,7.3,EasyFit Gel,"Polytech (Biocablan, feb. 2021, nº 1) — datos/fuentes/polytech-biocablan-2021.pdf",15,
Polytech,Même SublimeLine,15726-235,redonda,microtexturizada,MESMO,Même MHS Microtexturada Proyección Alta,235,10.0,10.0,4.4,7.1,EasyFit Gel,"Polytech (Biocablan, feb. 2021, nº 1) — datos/fuentes/polytech-biocablan-2021.pdf",15,
Polytech,Même SublimeLine,15727-285,redonda,microtexturizada,MESMO,Même MXS Microtexturada Proyección Extra Alta,285,10.0,10.0,5.3,7.7,EasyFit Gel,"Polytech (Biocablan, feb. 2021, nº 1) — datos/fuentes/polytech-biocablan-2021.pdf",15,
Polytech,Même SublimeLine,15726-255,redonda,microtexturizada,MESMO,Même MHS Microtexturada Proyección Alta,255,10.3,10.3,4.5,7.2,EasyFit Gel,"Polytech (Biocablan, feb. 2021, nº 1) — datos/fuentes/polytech-biocablan-2021.pdf",15,
Polytech,Même SublimeLine,15727-305,redonda,microtexturizada,MESMO,Même MXS Microtexturada Proyección Extra Alta,305,10.3,10.3,5.4,7.8,EasyFit Gel,"Polytech (Biocablan, feb. 2021, nº 1) — datos/fuentes/polytech-biocablan-2021.pdf",15,
Polytech,Même SublimeLine,15726-275,redonda,microtexturizada,MESMO,Même MHS Microtexturada Proyección Alta,275,10.5,10.5,4.5,7.4,EasyFit Gel,"Polytech (Biocablan, feb. 2021, nº 1) — datos/fuentes/polytech-biocablan-2021.pdf",15,
Polytech,Même SublimeLine,15727-330,redonda,microtexturizada,MESMO,Même MXS Microtexturada Proyección Extra Alta,330,10.5,10.5,5.5,8.0,EasyFit Gel,"Polytech (Biocablan, feb. 2021, nº 1) — datos/fuentes/polytech-biocablan-2021.pdf",15,
Polytech,Même SublimeLine,15726-295,redonda,microtexturizada,MESMO,Même MHS Microtexturada Proyección Alta,295,10.8,10.8,4.6,7.5,EasyFit Gel,"Polytech (Biocablan, feb. 2021, nº 1) — datos/fuentes/polytech-biocablan-2021.pdf",15,
Polytech,Même SublimeLine,15727-355,redonda,microtexturizada,MESMO,Même MXS Microtexturada Proyección Extra Alta,355,10.8,10.8,5.6,7.8,EasyFit Gel,"Polytech (Biocablan, feb. 2021, nº 1) — datos/fuentes/polytech-biocablan-2021.pdf",15,
Polytech,Même SublimeLine,15726-315,redonda,microtexturizada,MESMO,Même MHS Microtexturada Proyección Alta,315,11.0,11.0,4.7,7.7,EasyFit Gel,"Polytech (Biocablan, feb. 2021, nº 1) — datos/fuentes/polytech-biocablan-2021.pdf",15,
Polytech,Même SublimeLine,15727-380,redonda,microtexturizada,MESMO,Même MXS Microtexturada Proyección Extra Alta,380,11.0,11.0,5.7,8.4,EasyFit Gel,"Polytech (Biocablan, feb. 2021, nº 1) — datos/fuentes/polytech-biocablan-2021.pdf",15,
Polytech,Même SublimeLine,15726-335,redonda,microtexturizada,MESMO,Même MHS Microtexturada Proyección Alta,335,11.3,11.3,4.8,7.8,EasyFit Gel,"Polytech (Biocablan, feb. 2021, nº 1) — datos/fuentes/polytech-biocablan-2021.pdf",15,
Polytech,Même SublimeLine,15726-360,redonda,microtexturizada,MESMO,Même MHS Microtexturada Proyección Alta,360,11.5,11.5,4.9,8.0,EasyFit Gel,"Polytech (Biocablan, feb. 2021, nº 1) — datos/fuentes/polytech-biocablan-2021.pdf",15,
Polytech,Même SublimeLine,15727-430,redonda,microtexturizada,MESMO,Même MXS Microtexturada Proyección Extra Alta,430,11.5,11.5,5.9,8.7,EasyFit Gel,"Polytech (Biocablan, feb. 2021, nº 1) — datos/fuentes/polytech-biocablan-2021.pdf",15,
Polytech,Même SublimeLine,15726-400,redonda,microtexturizada,MESMO,Même MHS Microtexturada Proyección Alta,400,12.0,12.0,5.1,8.3,EasyFit Gel,"Polytech (Biocablan, feb. 2021, nº 1) — datos/fuentes/polytech-biocablan-2021.pdf",15,
Polytech,Même SublimeLine,15727-485,redonda,microtexturizada,MESMO,Même MXS Microtexturada Proyección Extra Alta,485,12.0,12.0,6.1,9.1,EasyFit Gel,"Polytech (Biocablan, feb. 2021, nº 1) — datos/fuentes/polytech-biocablan-2021.pdf",15,
Polytech,Même SublimeLine,15726-450,redonda,microtexturizada,MESMO,Même MHS Microtexturada Proyección Alta,450,12.5,12.5,5.3,8.7,EasyFit Gel,"Polytech (Biocablan, feb. 2021, nº 1) — datos/fuentes/polytech-biocablan-2021.pdf",15,
Polytech,Même SublimeLine,15727-545,redonda,microtexturizada,MESMO,Même MXS Microtexturada Proyección Extra Alta,545,12.5,12.5,6.3,9.4,EasyFit Gel,"Polytech (Biocablan, feb. 2021, nº 1) — datos/fuentes/polytech-biocablan-2021.pdf",15,
Polytech,Même SublimeLine,15726-505,redonda,microtexturizada,MESMO,Même MHS Microtexturada Proyección Alta,505,13.0,13.0,5.5,9.0,EasyFit Gel,"Polytech (Biocablan, feb. 2021, nº 1) — datos/fuentes/polytech-biocablan-2021.pdf",15,
Polytech,Même SublimeLine,15727-610,redonda,microtexturizada,MESMO,Même MXS Microtexturada Proyección Extra Alta,610,13.0,13.0,6.5,9.8,EasyFit Gel,"Polytech (Biocablan, feb. 2021, nº 1) — datos/fuentes/polytech-biocablan-2021.pdf",15,
Polytech,Même SublimeLine,15726-560,redonda,microtexturizada,MESMO,Même MHS Microtexturada Proyección Alta,560,13.5,13.5,5.7,9.3,EasyFit Gel,"Polytech (Biocablan, feb. 2021, nº 1) — datos/fuentes/polytech-biocablan-2021.pdf",15,
Polytech,Même SublimeLine,15727-675,redonda,microtexturizada,MESMO,Même MXS Microtexturada Proyección Extra Alta,675,13.5,13.5,6.7,10.1,EasyFit Gel,"Polytech (Biocablan, feb. 2021, nº 1) — datos/fuentes/polytech-biocablan-2021.pdf",15,
Polytech,Même SublimeLine,15726-620,redonda,microtexturizada,MESMO,Même MHS Microtexturada Proyección Alta,620,14.0,14.0,5.9,9.6,EasyFit Gel,"Polytech (Biocablan, feb. 2021, nº 1) — datos/fuentes/polytech-biocablan-2021.pdf",15,
Polytech,Même SublimeLine,15727-755,redonda,microtexturizada,MESMO,Même MXS Microtexturada Proyección Extra Alta,755,14.0,14.0,6.9,10.5,EasyFit Gel,"Polytech (Biocablan, feb. 2021, nº 1) — datos/fuentes/polytech-biocablan-2021.pdf",15,
Polytech,Même SublimeLine,15726-690,redonda,microtexturizada,MESMO,Même MHS Microtexturada Proyección Alta,690,14.5,14.5,6.1,10.0,EasyFit Gel,"Polytech (Biocablan, feb. 2021, nº 1) — datos/fuentes/polytech-biocablan-2021.pdf",15,
Polytech,Même SublimeLine,15727-830,redonda,microtexturizada,MESMO,Même MXS Microtexturada Proyección Extra Alta,830,14.5,14.5,7.1,10.8,EasyFit Gel,"Polytech (Biocablan, feb. 2021, nº 1) — datos/fuentes/polytech-biocablan-2021.pdf",15,
Polytech,Même SublimeLine,15726-760,redonda,microtexturizada,MESMO,Même MHS Microtexturada Proyección Alta,760,15.0,15.0,6.2,10.3,EasyFit Gel,"Polytech (Biocablan, feb. 2021, nº 1) — datos/fuentes/polytech-biocablan-2021.pdf",15,
Polytech,Même SublimeLine,15727-920,redonda,microtexturizada,MESMO,Même MXS Microtexturada Proyección Extra Alta,920,15.0,15.0,7.3,11.2,EasyFit Gel,"Polytech (Biocablan, feb. 2021, nº 1) — datos/fuentes/polytech-biocablan-2021.pdf",15,
Polytech,Même SublimeLine,15726-835,redonda,microtexturizada,MESMO,Même MHS Microtexturada Proyección Alta,835,15.5,15.5,6.4,10.6,EasyFit Gel,"Polytech (Biocablan, feb. 2021, nº 1) — datos/fuentes/polytech-biocablan-2021.pdf",15,
Polytech,Opticon SublimeLine,15745-125,anatomica,microtexturizada,MESMO,Opticon MESMO MS Proyección moderada,125,9.5,8.0,3.5,4.5,EasyFit Gel,"Polytech (Biocablan, feb. 2021, nº 1) — datos/fuentes/polytech-biocablan-2021.pdf",16,
Polytech,Opticon SublimeLine,15745-145,anatomica,microtexturizada,MESMO,Opticon MESMO MS Proyección moderada,145,10.0,8.4,3.6,4.7,EasyFit Gel,"Polytech (Biocablan, feb. 2021, nº 1) — datos/fuentes/polytech-biocablan-2021.pdf",16,
Polytech,Opticon SublimeLine,15745-165,anatomica,microtexturizada,MESMO,Opticon MESMO MS Proyección moderada,165,10.5,8.8,3.7,4.9,EasyFit Gel,"Polytech (Biocablan, feb. 2021, nº 1) — datos/fuentes/polytech-biocablan-2021.pdf",16,
Polytech,Opticon SublimeLine,15745-185,anatomica,microtexturizada,MESMO,Opticon MESMO MS Proyección moderada,185,11.0,9.2,3.8,5.1,EasyFit Gel,"Polytech (Biocablan, feb. 2021, nº 1) — datos/fuentes/polytech-biocablan-2021.pdf",16,
Polytech,Opticon SublimeLine,15745-210,anatomica,microtexturizada,MESMO,Opticon MESMO MS Proyección moderada,210,11.5,9.7,4.0,5.3,EasyFit Gel,"Polytech (Biocablan, feb. 2021, nº 1) — datos/fuentes/polytech-biocablan-2021.pdf",16,
Polytech,Opticon SublimeLine,15745-235,anatomica,microtexturizada,MESMO,Opticon MESMO MS Proyección moderada,235,12.0,10.1,4.1,5.5,EasyFit Gel,"Polytech (Biocablan, feb. 2021, nº 1) — datos/fuentes/polytech-biocablan-2021.pdf",16,
Polytech,Opticon SublimeLine,15745-265,anatomica,microtexturizada,MESMO,Opticon MESMO MS Proyección moderada,265,12.5,10.5,4.3,5.7,EasyFit Gel,"Polytech (Biocablan, feb. 2021, nº 1) — datos/fuentes/polytech-biocablan-2021.pdf",16,
Polytech,Opticon SublimeLine,15745-295,anatomica,microtexturizada,MESMO,Opticon MESMO MS Proyección moderada,295,13.0,10.9,4.4,5.9,EasyFit Gel,"Polytech (Biocablan, feb. 2021, nº 1) — datos/fuentes/polytech-biocablan-2021.pdf",16,
Polytech,Opticon SublimeLine,15745-330,anatomica,microtexturizada,MESMO,Opticon MESMO MS Proyección moderada,330,13.5,11.3,4.5,6.1,EasyFit Gel,"Polytech (Biocablan, feb. 2021, nº 1) — datos/fuentes/polytech-biocablan-2021.pdf",16,
Polytech,Opticon SublimeLine,15745-365,anatomica,microtexturizada,MESMO,Opticon MESMO MS Proyección moderada,365,14.0,11.8,4.7,6.3,EasyFit Gel,"Polytech (Biocablan, feb. 2021, nº 1) — datos/fuentes/polytech-biocablan-2021.pdf",16,
Polytech,Opticon SublimeLine,15745-400,anatomica,microtexturizada,MESMO,Opticon MESMO MS Proyección moderada,400,14.5,12.2,4.8,6.5,EasyFit Gel,"Polytech (Biocablan, feb. 2021, nº 1) — datos/fuentes/polytech-biocablan-2021.pdf",16,
Polytech,Opticon SublimeLine,15745-445,anatomica,microtexturizada,MESMO,Opticon MESMO MS Proyección moderada,445,15.0,12.6,4.9,6.7,EasyFit Gel,"Polytech (Biocablan, feb. 2021, nº 1) — datos/fuentes/polytech-biocablan-2021.pdf",16,
Polytech,Opticon SublimeLine,15745-490,anatomica,microtexturizada,MESMO,Opticon MESMO MS Proyección moderada,490,15.5,13.0,5.1,6.9,EasyFit Gel,"Polytech (Biocablan, feb. 2021, nº 1) — datos/fuentes/polytech-biocablan-2021.pdf",16,
Polytech,Replicon SublimeLine,15735-110,anatomica,microtexturizada,MESMO,Replicon MESMO MS Proyección moderada,110,8.5,8.5,3.2,4.4,EasyFit Gel,"Polytech (Biocablan, feb. 2021, nº 1) — datos/fuentes/polytech-biocablan-2021.pdf",16,"Base redonda con proyección anatómica: altura = base, así que el filtro de altura la agrupa como alta"
Polytech,Replicon SublimeLine,15735-125,anatomica,microtexturizada,MESMO,Replicon MESMO MS Proyección moderada,125,9.0,9.0,3.3,4.6,EasyFit Gel,"Polytech (Biocablan, feb. 2021, nº 1) — datos/fuentes/polytech-biocablan-2021.pdf",16,"Base redonda con proyección anatómica: altura = base, así que el filtro de altura la agrupa como alta"
Polytech,Replicon SublimeLine,15735-150,anatomica,microtexturizada,MESMO,Replicon MESMO MS Proyección moderada,150,9.5,9.5,3.5,4.8,EasyFit Gel,"Polytech (Biocablan, feb. 2021, nº 1) — datos/fuentes/polytech-biocablan-2021.pdf",16,"Base redonda con proyección anatómica: altura = base, así que el filtro de altura la agrupa como alta"
Polytech,Replicon SublimeLine,15735-170,anatomica,microtexturizada,MESMO,Replicon MESMO MS Proyección moderada,170,10.0,10.0,3.6,5.0,EasyFit Gel,"Polytech (Biocablan, feb. 2021, nº 1) — datos/fuentes/polytech-biocablan-2021.pdf",16,"Base redonda con proyección anatómica: altura = base, así que el filtro de altura la agrupa como alta"
Polytech,Replicon SublimeLine,15735-195,anatomica,microtexturizada,MESMO,Replicon MESMO MS Proyección moderada,195,10.5,10.5,3.7,5.2,EasyFit Gel,"Polytech (Biocablan, feb. 2021, nº 1) — datos/fuentes/polytech-biocablan-2021.pdf",16,"Base redonda con proyección anatómica: altura = base, así que el filtro de altura la agrupa como alta"
Polytech,Replicon SublimeLine,15735-220,anatomica,microtexturizada,MESMO,Replicon MESMO MS Proyección moderada,220,11.0,11.0,3.8,5.5,EasyFit Gel,"Polytech (Biocablan, feb. 2021, nº 1) — datos/fuentes/polytech-biocablan-2021.pdf",16,"Base redonda con proyección anatómica: altura = base, así que el filtro de altura la agrupa como alta"
Polytech,Replicon SublimeLine,15735-255,anatomica,microtexturizada,MESMO,Replicon MESMO MS Proyección moderada,255,11.5,11.5,4.0,5.7,EasyFit Gel,"Polytech (Biocablan, feb. 2021, nº 1) — datos/fuentes/polytech-biocablan-2021.pdf",16,"Base redonda con proyección anatómica: altura = base, así que el filtro de altura la agrupa como alta"
Polytech,Replicon SublimeLine,15735-280,anatomica,microtexturizada,MESMO,Replicon MESMO MS Proyección moderada,280,12.0,12.0,4.1,5.9,EasyFit Gel,"Polytech (Biocablan, feb. 2021, nº 1) — datos/fuentes/polytech-biocablan-2021.pdf",16,"Base redonda con proyección anatómica: altura = base, así que el filtro de altura la agrupa como alta"
Polytech,Replicon SublimeLine,15735-320,anatomica,microtexturizada,MESMO,Replicon MESMO MS Proyección moderada,320,12.5,12.5,4.3,6.1,EasyFit Gel,"Polytech (Biocablan, feb. 2021, nº 1) — datos/fuentes/polytech-biocablan-2021.pdf",16,"Base redonda con proyección anatómica: altura = base, así que el filtro de altura la agrupa como alta"
Polytech,Replicon SublimeLine,15735-350,anatomica,microtexturizada,MESMO,Replicon MESMO MS Proyección moderada,350,13.0,13.0,4.4,6.3,EasyFit Gel,"Polytech (Biocablan, feb. 2021, nº 1) — datos/fuentes/polytech-biocablan-2021.pdf",16,"Base redonda con proyección anatómica: altura = base, así que el filtro de altura la agrupa como alta"
Polytech,Replicon SublimeLine,15735-390,anatomica,microtexturizada,MESMO,Replicon MESMO MS Proyección moderada,390,13.5,13.5,4.5,6.6,EasyFit Gel,"Polytech (Biocablan, feb. 2021, nº 1) — datos/fuentes/polytech-biocablan-2021.pdf",16,"Base redonda con proyección anatómica: altura = base, así que el filtro de altura la agrupa como alta"
Polytech,Replicon SublimeLine,15735-435,anatomica,microtexturizada,MESMO,Replicon MESMO MS Proyección moderada,435,14.0,14.0,4.7,6.8,EasyFit Gel,"Polytech (Biocablan, feb. 2021, nº 1) — datos/fuentes/polytech-biocablan-2021.pdf",16,"Base redonda con proyección anatómica: altura = base, así que el filtro de altura la agrupa como alta"
Polytech,Replicon SublimeLine,15735-480,anatomica,microtexturizada,MESMO,Replicon MESMO MS Proyección moderada,480,14.5,14.5,4.8,7.0,EasyFit Gel,"Polytech (Biocablan, feb. 2021, nº 1) — datos/fuentes/polytech-biocablan-2021.pdf",16,"Base redonda con proyección anatómica: altura = base, así que el filtro de altura la agrupa como alta"
Polytech,Replicon SublimeLine,15735-530,anatomica,microtexturizada,MESMO,Replicon MESMO MS Proyección moderada,530,15.0,15.0,4.9,7.2,EasyFit Gel,"Polytech (Biocablan, feb. 2021, nº 1) — datos/fuentes/polytech-biocablan-2021.pdf",16,"Base redonda con proyección anatómica: altura = base, así que el filtro de altura la agrupa como alta"
Polytech,Replicon SublimeLine,15735-580,anatomica,microtexturizada,MESMO,Replicon MESMO MS Proyección moderada,580,15.5,15.5,5.1,7.4,EasyFit Gel,"Polytech (Biocablan, feb. 2021, nº 1) — datos/fuentes/polytech-biocablan-2021.pdf",16,"Base redonda con proyección anatómica: altura = base, así que el filtro de altura la agrupa como alta"
Polytech,Optimam SublimeLine,15775-200,anatomica,microtexturizada,MESMO,Optimam MESMO MS Proyección moderada,200,10.0,11.6,3.6,5.3,EasyFit Gel,"Polytech (Biocablan, feb. 2021, nº 1) — datos/fuentes/polytech-biocablan-2021.pdf",16,
Polytech,Optimam SublimeLine,15775-225,anatomica,microtexturizada,MESMO,Optimam MESMO MS Proyección moderada,225,10.5,12.2,3.7,5.6,EasyFit Gel,"Polytech (Biocablan, feb. 2021, nº 1) — datos/fuentes/polytech-biocablan-2021.pdf",16,
Polytech,Optimam SublimeLine,15775-260,anatomica,microtexturizada,MESMO,Optimam MESMO MS Proyección moderada,260,11.0,12.8,3.8,5.8,EasyFit Gel,"Polytech (Biocablan, feb. 2021, nº 1) — datos/fuentes/polytech-biocablan-2021.pdf",16,
Polytech,Optimam SublimeLine,15775-290,anatomica,microtexturizada,MESMO,Optimam MESMO MS Proyección moderada,290,11.5,13.3,4.0,6.0,EasyFit Gel,"Polytech (Biocablan, feb. 2021, nº 1) — datos/fuentes/polytech-biocablan-2021.pdf",16,
Polytech,Optimam SublimeLine,15775-330,anatomica,microtexturizada,MESMO,Optimam MESMO MS Proyección moderada,330,12.0,13.9,4.1,6.3,EasyFit Gel,"Polytech (Biocablan, feb. 2021, nº 1) — datos/fuentes/polytech-biocablan-2021.pdf",16,
Polytech,Optimam SublimeLine,15775-370,anatomica,microtexturizada,MESMO,Optimam MESMO MS Proyección moderada,370,12.5,14.5,4.3,6.5,EasyFit Gel,"Polytech (Biocablan, feb. 2021, nº 1) — datos/fuentes/polytech-biocablan-2021.pdf",16,
Polytech,Optimam SublimeLine,15775-405,anatomica,microtexturizada,MESMO,Optimam MESMO MS Proyección moderada,405,13.0,15.1,4.4,6.7,EasyFit Gel,"Polytech (Biocablan, feb. 2021, nº 1) — datos/fuentes/polytech-biocablan-2021.pdf",16,
Polytech,Optimam SublimeLine,15775-455,anatomica,microtexturizada,MESMO,Optimam MESMO MS Proyección moderada,455,13.5,15.7,4.5,7.0,EasyFit Gel,"Polytech (Biocablan, feb. 2021, nº 1) — datos/fuentes/polytech-biocablan-2021.pdf",16,
Polytech,Opticon SublimeLine,15746-130,anatomica,microtexturizada,MESMO,Opticon MESMO HS Proyección alta,130,9.0,7.6,4.0,4.9,EasyFit Gel,"Polytech (Biocablan, feb. 2021, nº 1) — datos/fuentes/polytech-biocablan-2021.pdf",17,
Polytech,Opticon SublimeLine,15747-160,anatomica,microtexturizada,MESMO,Opticon MESMO XS Proyección extra alta,160,9.0,7.6,4.9,5.5,EasyFit Gel,"Polytech (Biocablan, feb. 2021, nº 1) — datos/fuentes/polytech-biocablan-2021.pdf",17,
Polytech,Opticon SublimeLine,15746-155,anatomica,microtexturizada,MESMO,Opticon MESMO HS Proyección alta,155,9.5,8.0,4.2,5.1,EasyFit Gel,"Polytech (Biocablan, feb. 2021, nº 1) — datos/fuentes/polytech-biocablan-2021.pdf",17,
Polytech,Opticon SublimeLine,15747-185,anatomica,microtexturizada,MESMO,Opticon MESMO XS Proyección extra alta,185,9.5,8.0,5.1,5.8,EasyFit Gel,"Polytech (Biocablan, feb. 2021, nº 1) — datos/fuentes/polytech-biocablan-2021.pdf",17,
Polytech,Opticon SublimeLine,15746-175,anatomica,microtexturizada,MESMO,Opticon MESMO HS Proyección alta,175,10.0,8.4,4.4,5.4,EasyFit Gel,"Polytech (Biocablan, feb. 2021, nº 1) — datos/fuentes/polytech-biocablan-2021.pdf",17,
Polytech,Opticon SublimeLine,15747-215,anatomica,microtexturizada,MESMO,Opticon MESMO XS Proyección extra alta,215,10.0,8.4,5.3,6.1,EasyFit Gel,"Polytech (Biocablan, feb. 2021, nº 1) — datos/fuentes/polytech-biocablan-2021.pdf",17,
Polytech,Opticon SublimeLine,15746-205,anatomica,microtexturizada,MESMO,Opticon MESMO HS Proyección alta,205,10.5,8.8,4.5,5.6,EasyFit Gel,"Polytech (Biocablan, feb. 2021, nº 1) — datos/fuentes/polytech-biocablan-2021.pdf",17,
Polytech,Opticon SublimeLine,15747-240,anatomica,microtexturizada,MESMO,Opticon MESMO XS Proyección extra alta,240,10.5,8.8,5.5,6.3,EasyFit Gel,"Polytech (Biocablan, feb. 2021, nº 1) — datos/fuentes/polytech-biocablan-2021.pdf",17,
Polytech,Opticon SublimeLine,15746-230,anatomica,microtexturizada,MESMO,Opticon MESMO HS Proyección alta,230,11.0,9.2,4.7,5.8,EasyFit Gel,"Polytech (Biocablan, feb. 2021, nº 1) — datos/fuentes/polytech-biocablan-2021.pdf",17,
Polytech,Opticon SublimeLine,15747-280,anatomica,microtexturizada,MESMO,Opticon MESMO XS Proyección extra alta,280,11.0,9.2,5.7,6.6,EasyFit Gel,"Polytech (Biocablan, feb. 2021, nº 1) — datos/fuentes/polytech-biocablan-2021.pdf",17,
Polytech,Opticon SublimeLine,15746-265,anatomica,microtexturizada,MESMO,Opticon MESMO HS Proyección alta,265,11.5,9.7,4.9,6.1,EasyFit Gel,"Polytech (Biocablan, feb. 2021, nº 1) — datos/fuentes/polytech-biocablan-2021.pdf",17,
Polytech,Opticon SublimeLine,15747-320,anatomica,microtexturizada,MESMO,Opticon MESMO XS Proyección extra alta,320,11.5,9.7,5.9,6.9,EasyFit Gel,"Polytech (Biocablan, feb. 2021, nº 1) — datos/fuentes/polytech-biocablan-2021.pdf",17,
Polytech,Opticon SublimeLine,15746-295,anatomica,microtexturizada,MESMO,Opticon MESMO HS Proyección alta,295,12.0,10.1,5.1,6.3,EasyFit Gel,"Polytech (Biocablan, feb. 2021, nº 1) — datos/fuentes/polytech-biocablan-2021.pdf",17,
Polytech,Opticon SublimeLine,15747-360,anatomica,microtexturizada,MESMO,Opticon MESMO XS Proyección extra alta,360,12.0,10.1,6.1,7.1,EasyFit Gel,"Polytech (Biocablan, feb. 2021, nº 1) — datos/fuentes/polytech-biocablan-2021.pdf",17,
Polytech,Opticon SublimeLine,15746-335,anatomica,microtexturizada,MESMO,Opticon MESMO HS Proyección alta,335,12.5,10.5,5.3,6.5,EasyFit Gel,"Polytech (Biocablan, feb. 2021, nº 1) — datos/fuentes/polytech-biocablan-2021.pdf",17,
Polytech,Opticon SublimeLine,15747-400,anatomica,microtexturizada,MESMO,Opticon MESMO XS Proyección extra alta,400,12.5,10.5,6.3,7.4,EasyFit Gel,"Polytech (Biocablan, feb. 2021, nº 1) — datos/fuentes/polytech-biocablan-2021.pdf",17,
Polytech,Opticon SublimeLine,15746-375,anatomica,microtexturizada,MESMO,Opticon MESMO HS Proyección alta,375,13.0,10.9,5.5,6.8,EasyFit Gel,"Polytech (Biocablan, feb. 2021, nº 1) — datos/fuentes/polytech-biocablan-2021.pdf",17,
Polytech,Opticon SublimeLine,15747-450,anatomica,microtexturizada,MESMO,Opticon MESMO XS Proyección extra alta,450,13.0,10.9,6.5,7.7,EasyFit Gel,"Polytech (Biocablan, feb. 2021, nº 1) — datos/fuentes/polytech-biocablan-2021.pdf",17,
Polytech,Opticon SublimeLine,15746-420,anatomica,microtexturizada,MESMO,Opticon MESMO HS Proyección alta,420,13.5,11.3,5.7,7.0,EasyFit Gel,"Polytech (Biocablan, feb. 2021, nº 1) — datos/fuentes/polytech-biocablan-2021.pdf",17,
Polytech,Opticon SublimeLine,15747-500,anatomica,microtexturizada,MESMO,Opticon MESMO XS Proyección extra alta,500,13.5,11.3,6.7,7.9,EasyFit Gel,"Polytech (Biocablan, feb. 2021, nº 1) — datos/fuentes/polytech-biocablan-2021.pdf",17,
Polytech,Opticon SublimeLine,15746-460,anatomica,microtexturizada,MESMO,Opticon MESMO HS Proyección alta,460,14.0,11.8,5.9,7.2,EasyFit Gel,"Polytech (Biocablan, feb. 2021, nº 1) — datos/fuentes/polytech-biocablan-2021.pdf",17,
Polytech,Opticon SublimeLine,15747-560,anatomica,microtexturizada,MESMO,Opticon MESMO XS Proyección extra alta,560,14.0,11.8,6.9,8.2,EasyFit Gel,"Polytech (Biocablan, feb. 2021, nº 1) — datos/fuentes/polytech-biocablan-2021.pdf",17,
Polytech,Opticon SublimeLine,15746-510,anatomica,microtexturizada,MESMO,Opticon MESMO HS Proyección alta,510,14.5,12.2,6.1,7.5,EasyFit Gel,"Polytech (Biocablan, feb. 2021, nº 1) — datos/fuentes/polytech-biocablan-2021.pdf",17,
Polytech,Opticon SublimeLine,15747-615,anatomica,microtexturizada,MESMO,Opticon MESMO XS Proyección extra alta,615,14.5,12.2,7.1,8.5,EasyFit Gel,"Polytech (Biocablan, feb. 2021, nº 1) — datos/fuentes/polytech-biocablan-2021.pdf",17,
Polytech,Opticon SublimeLine,15746-560,anatomica,microtexturizada,MESMO,Opticon MESMO HS Proyección alta,560,15.0,12.6,6.2,7.7,EasyFit Gel,"Polytech (Biocablan, feb. 2021, nº 1) — datos/fuentes/polytech-biocablan-2021.pdf",17,
Polytech,Opticon SublimeLine,15747-680,anatomica,microtexturizada,MESMO,Opticon MESMO XS Proyección extra alta,680,15.0,12.6,7.3,8.7,EasyFit Gel,"Polytech (Biocablan, feb. 2021, nº 1) — datos/fuentes/polytech-biocablan-2021.pdf",17,
Polytech,Opticon SublimeLine,15746-615,anatomica,microtexturizada,MESMO,Opticon MESMO HS Proyección alta,615,15.5,13.0,6.4,8.0,EasyFit Gel,"Polytech (Biocablan, feb. 2021, nº 1) — datos/fuentes/polytech-biocablan-2021.pdf",17,
Polytech,Opticon SublimeLine,15747-750,anatomica,microtexturizada,MESMO,Opticon MESMO XS Proyección extra alta,750,15.5,13.0,7.5,9.0,EasyFit Gel,"Polytech (Biocablan, feb. 2021, nº 1) — datos/fuentes/polytech-biocablan-2021.pdf",17,
Polytech,Replicon SublimeLine,15736-115,anatomica,microtexturizada,MESMO,Replicon MESMO HS Proyección alta,115,8.0,8.0,3.7,4.7,EasyFit Gel,"Polytech (Biocablan, feb. 2021, nº 1) — datos/fuentes/polytech-biocablan-2021.pdf",17,"Base redonda con proyección anatómica: altura = base, así que el filtro de altura la agrupa como alta"
Polytech,Replicon SublimeLine,15737-130,anatomica,microtexturizada,MESMO,Replicon MESMO XS Proyección extra alta,130,8.0,8.0,4.5,5.2,EasyFit Gel,"Polytech (Biocablan, feb. 2021, nº 1) — datos/fuentes/polytech-biocablan-2021.pdf",17,"Base redonda con proyección anatómica: altura = base, así que el filtro de altura la agrupa como alta"
Polytech,Replicon SublimeLine,15736-130,anatomica,microtexturizada,MESMO,Replicon MESMO HS Proyección alta,130,8.5,8.5,3.9,4.9,EasyFit Gel,"Polytech (Biocablan, feb. 2021, nº 1) — datos/fuentes/polytech-biocablan-2021.pdf",17,"Base redonda con proyección anatómica: altura = base, así que el filtro de altura la agrupa como alta"
Polytech,Replicon SublimeLine,15737-160,anatomica,microtexturizada,MESMO,Replicon MESMO XS Proyección extra alta,160,8.5,8.5,4.7,5.5,EasyFit Gel,"Polytech (Biocablan, feb. 2021, nº 1) — datos/fuentes/polytech-biocablan-2021.pdf",17,"Base redonda con proyección anatómica: altura = base, así que el filtro de altura la agrupa como alta"
Polytech,Replicon SublimeLine,15736-160,anatomica,microtexturizada,MESMO,Replicon MESMO HS Proyección alta,160,9.0,9.0,4.0,5.2,EasyFit Gel,"Polytech (Biocablan, feb. 2021, nº 1) — datos/fuentes/polytech-biocablan-2021.pdf",17,"Base redonda con proyección anatómica: altura = base, así que el filtro de altura la agrupa como alta"
Polytech,Replicon SublimeLine,15737-185,anatomica,microtexturizada,MESMO,Replicon MESMO XS Proyección extra alta,185,9.0,9.0,4.7,5.8,EasyFit Gel,"Polytech (Biocablan, feb. 2021, nº 1) — datos/fuentes/polytech-biocablan-2021.pdf",17,"Base redonda con proyección anatómica: altura = base, así que el filtro de altura la agrupa como alta"
Polytech,Replicon SublimeLine,15736-180,anatomica,microtexturizada,MESMO,Replicon MESMO HS Proyección alta,180,9.5,9.5,4.2,5.4,EasyFit Gel,"Polytech (Biocablan, feb. 2021, nº 1) — datos/fuentes/polytech-biocablan-2021.pdf",17,"Base redonda con proyección anatómica: altura = base, así que el filtro de altura la agrupa como alta"
Polytech,Replicon SublimeLine,15737-220,anatomica,microtexturizada,MESMO,Replicon MESMO XS Proyección extra alta,220,9.5,9.5,5.1,6.1,EasyFit Gel,"Polytech (Biocablan, feb. 2021, nº 1) — datos/fuentes/polytech-biocablan-2021.pdf",17,"Base redonda con proyección anatómica: altura = base, así que el filtro de altura la agrupa como alta"
Polytech,Replicon SublimeLine,15736-210,anatomica,microtexturizada,MESMO,Replicon MESMO HS Proyección alta,210,10.0,10.0,4.4,5.7,EasyFit Gel,"Polytech (Biocablan, feb. 2021, nº 1) — datos/fuentes/polytech-biocablan-2021.pdf",17,"Base redonda con proyección anatómica: altura = base, así que el filtro de altura la agrupa como alta"
Polytech,Replicon SublimeLine,15737-255,anatomica,microtexturizada,MESMO,Replicon MESMO XS Proyección extra alta,255,10.0,10.0,5.3,6.3,EasyFit Gel,"Polytech (Biocablan, feb. 2021, nº 1) — datos/fuentes/polytech-biocablan-2021.pdf",17,"Base redonda con proyección anatómica: altura = base, así que el filtro de altura la agrupa como alta"
Polytech,Replicon SublimeLine,15736-240,anatomica,microtexturizada,MESMO,Replicon MESMO HS Proyección alta,240,10.5,10.5,4.5,5.9,EasyFit Gel,"Polytech (Biocablan, feb. 2021, nº 1) — datos/fuentes/polytech-biocablan-2021.pdf",17,"Base redonda con proyección anatómica: altura = base, así que el filtro de altura la agrupa como alta"
Polytech,Replicon SublimeLine,15737-290,anatomica,microtexturizada,MESMO,Replicon MESMO XS Proyección extra alta,290,10.5,10.5,5.5,6.6,EasyFit Gel,"Polytech (Biocablan, feb. 2021, nº 1) — datos/fuentes/polytech-biocablan-2021.pdf",17,"Base redonda con proyección anatómica: altura = base, así que el filtro de altura la agrupa como alta"
Polytech,Replicon SublimeLine,15736-275,anatomica,microtexturizada,MESMO,Replicon MESMO HS Proyección alta,275,11.0,11.0,4.7,6.2,EasyFit Gel,"Polytech (Biocablan, feb. 2021, nº 1) — datos/fuentes/polytech-biocablan-2021.pdf",17,"Base redonda con proyección anatómica: altura = base, así que el filtro de altura la agrupa como alta"
Polytech,Replicon SublimeLine,15737-330,anatomica,microtexturizada,MESMO,Replicon MESMO XS Proyección extra alta,330,11.0,11.0,5.7,6.9,EasyFit Gel,"Polytech (Biocablan, feb. 2021, nº 1) — datos/fuentes/polytech-biocablan-2021.pdf",17,"Base redonda con proyección anatómica: altura = base, así que el filtro de altura la agrupa como alta"
Polytech,Replicon SublimeLine,15736-315,anatomica,microtexturizada,MESMO,Replicon MESMO HS Proyección alta,315,11.5,11.5,4.9,6.4,EasyFit Gel,"Polytech (Biocablan, feb. 2021, nº 1) — datos/fuentes/polytech-biocablan-2021.pdf",17,"Base redonda con proyección anatómica: altura = base, así que el filtro de altura la agrupa como alta"
Polytech,Replicon SublimeLine,15737-380,anatomica,microtexturizada,MESMO,Replicon MESMO XS Proyección extra alta,380,11.5,11.5,5.9,7.2,EasyFit Gel,"Polytech (Biocablan, feb. 2021, nº 1) — datos/fuentes/polytech-biocablan-2021.pdf",17,"Base redonda con proyección anatómica: altura = base, así que el filtro de altura la agrupa como alta"
Polytech,Replicon SublimeLine,15736-350,anatomica,microtexturizada,MESMO,Replicon MESMO HS Proyección alta,350,12.0,12.0,5.1,6.7,EasyFit Gel,"Polytech (Biocablan, feb. 2021, nº 1) — datos/fuentes/polytech-biocablan-2021.pdf",17,"Base redonda con proyección anatómica: altura = base, así que el filtro de altura la agrupa como alta"
Polytech,Replicon SublimeLine,15737-425,anatomica,microtexturizada,MESMO,Replicon MESMO XS Proyección extra alta,425,12.0,12.0,6.1,7.5,EasyFit Gel,"Polytech (Biocablan, feb. 2021, nº 1) — datos/fuentes/polytech-biocablan-2021.pdf",17,"Base redonda con proyección anatómica: altura = base, así que el filtro de altura la agrupa como alta"
Polytech,Replicon SublimeLine,15736-395,anatomica,microtexturizada,MESMO,Replicon MESMO HS Proyección alta,395,12.5,12.5,5.3,6.9,EasyFit Gel,"Polytech (Biocablan, feb. 2021, nº 1) — datos/fuentes/polytech-biocablan-2021.pdf",17,"Base redonda con proyección anatómica: altura = base, así que el filtro de altura la agrupa como alta"
Polytech,Replicon SublimeLine,15737-480,anatomica,microtexturizada,MESMO,Replicon MESMO XS Proyección extra alta,480,12.5,12.5,6.3,7.8,EasyFit Gel,"Polytech (Biocablan, feb. 2021, nº 1) — datos/fuentes/polytech-biocablan-2021.pdf",17,"Base redonda con proyección anatómica: altura = base, así que el filtro de altura la agrupa como alta"
Polytech,Replicon SublimeLine,15736-445,anatomica,microtexturizada,MESMO,Replicon MESMO HS Proyección alta,445,13.0,13.0,5.5,7.2,EasyFit Gel,"Polytech (Biocablan, feb. 2021, nº 1) — datos/fuentes/polytech-biocablan-2021.pdf",17,"Base redonda con proyección anatómica: altura = base, así que el filtro de altura la agrupa como alta"
Polytech,Replicon SublimeLine,15737-535,anatomica,microtexturizada,MESMO,Replicon MESMO XS Proyección extra alta,535,13.0,13.0,6.5,8.0,EasyFit Gel,"Polytech (Biocablan, feb. 2021, nº 1) — datos/fuentes/polytech-biocablan-2021.pdf",17,"Base redonda con proyección anatómica: altura = base, así que el filtro de altura la agrupa como alta"
Polytech,Replicon SublimeLine,15736-495,anatomica,microtexturizada,MESMO,Replicon MESMO HS Proyección alta,495,13.5,13.5,5.7,7.4,EasyFit Gel,"Polytech (Biocablan, feb. 2021, nº 1) — datos/fuentes/polytech-biocablan-2021.pdf",17,"Base redonda con proyección anatómica: altura = base, así que el filtro de altura la agrupa como alta"
Polytech,Replicon SublimeLine,15737-600,anatomica,microtexturizada,MESMO,Replicon MESMO XS Proyección extra alta,600,13.5,13.5,6.7,8.3,EasyFit Gel,"Polytech (Biocablan, feb. 2021, nº 1) — datos/fuentes/polytech-biocablan-2021.pdf",17,"Base redonda con proyección anatómica: altura = base, así que el filtro de altura la agrupa como alta"
Polytech,Replicon SublimeLine,15736-550,anatomica,microtexturizada,MESMO,Replicon MESMO HS Proyección alta,550,14.0,14.0,5.9,7.7,EasyFit Gel,"Polytech (Biocablan, feb. 2021, nº 1) — datos/fuentes/polytech-biocablan-2021.pdf",17,"Base redonda con proyección anatómica: altura = base, así que el filtro de altura la agrupa como alta"
Polytech,Replicon SublimeLine,15737-665,anatomica,microtexturizada,MESMO,Replicon MESMO XS Proyección extra alta,665,14.0,14.0,6.9,8.6,EasyFit Gel,"Polytech (Biocablan, feb. 2021, nº 1) — datos/fuentes/polytech-biocablan-2021.pdf",17,"Base redonda con proyección anatómica: altura = base, así que el filtro de altura la agrupa como alta"
Polytech,Replicon SublimeLine,15736-605,anatomica,microtexturizada,MESMO,Replicon MESMO HS Proyección alta,605,14.5,14.5,6.1,7.9,EasyFit Gel,"Polytech (Biocablan, feb. 2021, nº 1) — datos/fuentes/polytech-biocablan-2021.pdf",17,"Base redonda con proyección anatómica: altura = base, así que el filtro de altura la agrupa como alta"
Polytech,Replicon SublimeLine,15737-730,anatomica,microtexturizada,MESMO,Replicon MESMO XS Proyección extra alta,730,14.5,14.5,7.1,8.9,EasyFit Gel,"Polytech (Biocablan, feb. 2021, nº 1) — datos/fuentes/polytech-biocablan-2021.pdf",17,"Base redonda con proyección anatómica: altura = base, así que el filtro de altura la agrupa como alta"
Polytech,Replicon SublimeLine,15736-670,anatomica,microtexturizada,MESMO,Replicon MESMO HS Proyección alta,670,15.0,15.0,6.2,8.2,EasyFit Gel,"Polytech (Biocablan, feb. 2021, nº 1) — datos/fuentes/polytech-biocablan-2021.pdf",17,"Base redonda con proyección anatómica: altura = base, así que el filtro de altura la agrupa como alta"
Polytech,Replicon SublimeLine,15737-810,anatomica,microtexturizada,MESMO,Replicon MESMO XS Proyección extra alta,810,15.0,15.0,7.3,9.2,EasyFit Gel,"Polytech (Biocablan, feb. 2021, nº 1) — datos/fuentes/polytech-biocablan-2021.pdf",17,"Base redonda con proyección anatómica: altura = base, así que el filtro de altura la agrupa como alta"
Polytech,Replicon SublimeLine,15736-735,anatomica,microtexturizada,MESMO,Replicon MESMO HS Proyección alta,735,15.5,15.5,6.4,8.4,EasyFit Gel,"Polytech (Biocablan, feb. 2021, nº 1) — datos/fuentes/polytech-biocablan-2021.pdf",17,"Base redonda con proyección anatómica: altura = base, así que el filtro de altura la agrupa como alta"
Polytech,Replicon SublimeLine,15737-890,anatomica,microtexturizada,MESMO,Replicon MESMO XS Proyección extra alta,890,15.5,15.5,7.5,9.5,EasyFit Gel,"Polytech (Biocablan, feb. 2021, nº 1) — datos/fuentes/polytech-biocablan-2021.pdf",17,"Base redonda con proyección anatómica: altura = base, así que el filtro de altura la agrupa como alta"
Polytech,Optimam SublimeLine,15776-180,anatomica,microtexturizada,MESMO,Optimam MESMO HS Proyección alta,180,9.0,10.4,4.0,5.4,EasyFit Gel,"Polytech (Biocablan, feb. 2021, nº 1) — datos/fuentes/polytech-biocablan-2021.pdf",17,
Polytech,Optimam SublimeLine,15776-215,anatomica,microtexturizada,MESMO,Optimam MESMO HS Proyección alta,215,9.5,11.0,4.2,5.7,EasyFit Gel,"Polytech (Biocablan, feb. 2021, nº 1) — datos/fuentes/polytech-biocablan-2021.pdf",17,
Polytech,Optimam SublimeLine,15776-250,anatomica,microtexturizada,MESMO,Optimam MESMO HS Proyección alta,250,10.0,11.6,4.4,6.0,EasyFit Gel,"Polytech (Biocablan, feb. 2021, nº 1) — datos/fuentes/polytech-biocablan-2021.pdf",17,
Polytech,Optimam SublimeLine,15777-290,anatomica,microtexturizada,MESMO,Optimam MESMO XS Proyección extra alta,290,10.0,11.6,5.3,6.6,EasyFit Gel,"Polytech (Biocablan, feb. 2021, nº 1) — datos/fuentes/polytech-biocablan-2021.pdf",17,
Polytech,Optimam SublimeLine,15776-280,anatomica,microtexturizada,MESMO,Optimam MESMO HS Proyección alta,280,10.5,12.2,4.5,6.2,EasyFit Gel,"Polytech (Biocablan, feb. 2021, nº 1) — datos/fuentes/polytech-biocablan-2021.pdf",17,
Polytech,Optimam SublimeLine,15777-335,anatomica,microtexturizada,MESMO,Optimam MESMO XS Proyección extra alta,335,10.5,12.2,5.5,6.9,EasyFit Gel,"Polytech (Biocablan, feb. 2021, nº 1) — datos/fuentes/polytech-biocablan-2021.pdf",17,
Polytech,Optimam SublimeLine,15776-320,anatomica,microtexturizada,MESMO,Optimam MESMO HS Proyección alta,320,11.0,12.8,4.7,6.5,EasyFit Gel,"Polytech (Biocablan, feb. 2021, nº 1) — datos/fuentes/polytech-biocablan-2021.pdf",17,
Polytech,Optimam SublimeLine,15777-385,anatomica,microtexturizada,MESMO,Optimam MESMO XS Proyección extra alta,385,11.0,12.8,5.7,7.2,EasyFit Gel,"Polytech (Biocablan, feb. 2021, nº 1) — datos/fuentes/polytech-biocablan-2021.pdf",17,
Polytech,Optimam SublimeLine,15776-365,anatomica,microtexturizada,MESMO,Optimam MESMO HS Proyección alta,365,11.5,13.3,4.9,6.8,EasyFit Gel,"Polytech (Biocablan, feb. 2021, nº 1) — datos/fuentes/polytech-biocablan-2021.pdf",17,
Polytech,Optimam SublimeLine,15777-440,anatomica,microtexturizada,MESMO,Optimam MESMO XS Proyección extra alta,440,11.5,13.3,5.9,7.5,EasyFit Gel,"Polytech (Biocablan, feb. 2021, nº 1) — datos/fuentes/polytech-biocablan-2021.pdf",17,
Polytech,Optimam SublimeLine,15776-415,anatomica,microtexturizada,MESMO,Optimam MESMO HS Proyección alta,415,12.0,13.9,5.1,7.0,EasyFit Gel,"Polytech (Biocablan, feb. 2021, nº 1) — datos/fuentes/polytech-biocablan-2021.pdf",17,
Polytech,Optimam SublimeLine,15776-460,anatomica,microtexturizada,MESMO,Optimam MESMO HS Proyección alta,460,12.5,14.5,5.3,7.3,EasyFit Gel,"Polytech (Biocablan, feb. 2021, nº 1) — datos/fuentes/polytech-biocablan-2021.pdf",17,
Polytech,Opticon SublimeLine,20745-125,anatomica,microtexturizada,POLYtxt,Opticon POLYtxt TMS Proyección moderada,125,9.5,8.0,3.5,4.5,EasyFit Gel,"Polytech (Biocablan, feb. 2021, nº 1) — datos/fuentes/polytech-biocablan-2021.pdf",20,
Polytech,Opticon SublimeLine,20744-110,anatomica,microtexturizada,POLYtxt,Opticon POLYtxt TLS Proyección baja,110,10.0,8.4,2.8,4.1,EasyFit Gel,"Polytech (Biocablan, feb. 2021, nº 1) — datos/fuentes/polytech-biocablan-2021.pdf",20,
Polytech,Opticon SublimeLine,20745-145,anatomica,microtexturizada,POLYtxt,Opticon POLYtxt TMS Proyección moderada,145,10.0,8.4,3.6,4.7,EasyFit Gel,"Polytech (Biocablan, feb. 2021, nº 1) — datos/fuentes/polytech-biocablan-2021.pdf",20,
Polytech,Opticon SublimeLine,20744-120,anatomica,microtexturizada,POLYtxt,Opticon POLYtxt TLS Proyección baja,120,10.5,8.8,2.9,4.2,EasyFit Gel,"Polytech (Biocablan, feb. 2021, nº 1) — datos/fuentes/polytech-biocablan-2021.pdf",20,
Polytech,Opticon SublimeLine,20745-165,anatomica,microtexturizada,POLYtxt,Opticon POLYtxt TMS Proyección moderada,165,10.5,8.8,3.7,4.9,EasyFit Gel,"Polytech (Biocablan, feb. 2021, nº 1) — datos/fuentes/polytech-biocablan-2021.pdf",20,
Polytech,Opticon SublimeLine,20744-140,anatomica,microtexturizada,POLYtxt,Opticon POLYtxt TLS Proyección baja,140,11.0,9.2,2.9,4.4,EasyFit Gel,"Polytech (Biocablan, feb. 2021, nº 1) — datos/fuentes/polytech-biocablan-2021.pdf",20,
Polytech,Opticon SublimeLine,20745-185,anatomica,microtexturizada,POLYtxt,Opticon POLYtxt TMS Proyección moderada,185,11.0,9.2,3.8,5.1,EasyFit Gel,"Polytech (Biocablan, feb. 2021, nº 1) — datos/fuentes/polytech-biocablan-2021.pdf",20,
Polytech,Opticon SublimeLine,20744-160,anatomica,microtexturizada,POLYtxt,Opticon POLYtxt TLS Proyección baja,160,11.5,9.7,3.0,4.6,EasyFit Gel,"Polytech (Biocablan, feb. 2021, nº 1) — datos/fuentes/polytech-biocablan-2021.pdf",20,
Polytech,Opticon SublimeLine,20745-210,anatomica,microtexturizada,POLYtxt,Opticon POLYtxt TMS Proyección moderada,210,11.5,9.7,4.0,5.3,EasyFit Gel,"Polytech (Biocablan, feb. 2021, nº 1) — datos/fuentes/polytech-biocablan-2021.pdf",20,
Polytech,Opticon SublimeLine,20744-175,anatomica,microtexturizada,POLYtxt,Opticon POLYtxt TLS Proyección baja,175,12.0,10.1,3.1,4.8,EasyFit Gel,"Polytech (Biocablan, feb. 2021, nº 1) — datos/fuentes/polytech-biocablan-2021.pdf",20,
Polytech,Opticon SublimeLine,20745-235,anatomica,microtexturizada,POLYtxt,Opticon POLYtxt TMS Proyección moderada,235,12.0,10.1,4.1,5.5,EasyFit Gel,"Polytech (Biocablan, feb. 2021, nº 1) — datos/fuentes/polytech-biocablan-2021.pdf",20,
Polytech,Opticon SublimeLine,20744-200,anatomica,microtexturizada,POLYtxt,Opticon POLYtxt TLS Proyección baja,200,12.5,10.5,3.2,4.9,EasyFit Gel,"Polytech (Biocablan, feb. 2021, nº 1) — datos/fuentes/polytech-biocablan-2021.pdf",20,
Polytech,Opticon SublimeLine,20745-265,anatomica,microtexturizada,POLYtxt,Opticon POLYtxt TMS Proyección moderada,265,12.5,10.5,4.3,5.7,EasyFit Gel,"Polytech (Biocablan, feb. 2021, nº 1) — datos/fuentes/polytech-biocablan-2021.pdf",20,
Polytech,Opticon SublimeLine,20744-220,anatomica,microtexturizada,POLYtxt,Opticon POLYtxt TLS Proyección baja,220,13.0,10.9,3.3,5.1,EasyFit Gel,"Polytech (Biocablan, feb. 2021, nº 1) — datos/fuentes/polytech-biocablan-2021.pdf",20,
Polytech,Opticon SublimeLine,20745-295,anatomica,microtexturizada,POLYtxt,Opticon POLYtxt TMS Proyección moderada,295,13.0,10.9,4.4,5.9,EasyFit Gel,"Polytech (Biocablan, feb. 2021, nº 1) — datos/fuentes/polytech-biocablan-2021.pdf",20,
Polytech,Opticon SublimeLine,20744-240,anatomica,microtexturizada,POLYtxt,Opticon POLYtxt TLS Proyección baja,240,13.5,11.3,3.4,5.3,EasyFit Gel,"Polytech (Biocablan, feb. 2021, nº 1) — datos/fuentes/polytech-biocablan-2021.pdf",20,
Polytech,Opticon SublimeLine,20745-330,anatomica,microtexturizada,POLYtxt,Opticon POLYtxt TMS Proyección moderada,330,13.5,11.3,4.5,6.1,EasyFit Gel,"Polytech (Biocablan, feb. 2021, nº 1) — datos/fuentes/polytech-biocablan-2021.pdf",20,
Polytech,Opticon SublimeLine,20744-270,anatomica,microtexturizada,POLYtxt,Opticon POLYtxt TLS Proyección baja,270,14.0,11.8,3.5,5.5,EasyFit Gel,"Polytech (Biocablan, feb. 2021, nº 1) — datos/fuentes/polytech-biocablan-2021.pdf",20,
Polytech,Opticon SublimeLine,20745-365,anatomica,microtexturizada,POLYtxt,Opticon POLYtxt TMS Proyección moderada,365,14.0,11.8,4.7,6.3,EasyFit Gel,"Polytech (Biocablan, feb. 2021, nº 1) — datos/fuentes/polytech-biocablan-2021.pdf",20,
Polytech,Opticon SublimeLine,20744-295,anatomica,microtexturizada,POLYtxt,Opticon POLYtxt TLS Proyección baja,295,14.5,12.2,3.5,5.6,EasyFit Gel,"Polytech (Biocablan, feb. 2021, nº 1) — datos/fuentes/polytech-biocablan-2021.pdf",20,
Polytech,Opticon SublimeLine,20745-400,anatomica,microtexturizada,POLYtxt,Opticon POLYtxt TMS Proyección moderada,400,14.5,12.2,4.8,6.5,EasyFit Gel,"Polytech (Biocablan, feb. 2021, nº 1) — datos/fuentes/polytech-biocablan-2021.pdf",20,
Polytech,Opticon SublimeLine,20744-325,anatomica,microtexturizada,POLYtxt,Opticon POLYtxt TLS Proyección baja,325,15.0,12.6,3.6,5.8,EasyFit Gel,"Polytech (Biocablan, feb. 2021, nº 1) — datos/fuentes/polytech-biocablan-2021.pdf",20,
Polytech,Opticon SublimeLine,20745-445,anatomica,microtexturizada,POLYtxt,Opticon POLYtxt TMS Proyección moderada,445,15.0,12.6,4.9,6.7,EasyFit Gel,"Polytech (Biocablan, feb. 2021, nº 1) — datos/fuentes/polytech-biocablan-2021.pdf",20,
Polytech,Opticon SublimeLine,20744-360,anatomica,microtexturizada,POLYtxt,Opticon POLYtxt TLS Proyección baja,360,15.5,13.0,3.7,6.0,EasyFit Gel,"Polytech (Biocablan, feb. 2021, nº 1) — datos/fuentes/polytech-biocablan-2021.pdf",20,
Polytech,Opticon SublimeLine,20745-490,anatomica,microtexturizada,POLYtxt,Opticon POLYtxt TMS Proyección moderada,490,15.5,13.0,5.1,6.9,EasyFit Gel,"Polytech (Biocablan, feb. 2021, nº 1) — datos/fuentes/polytech-biocablan-2021.pdf",20,
Polytech,Replicon SublimeLine,20735-110,anatomica,microtexturizada,POLYtxt,Replicon POLYtxt TMS Proyección moderada,110,8.5,8.5,3.2,4.4,EasyFit Gel,"Polytech (Biocablan, feb. 2021, nº 1) — datos/fuentes/polytech-biocablan-2021.pdf",20,"Base redonda con proyección anatómica: altura = base, así que el filtro de altura la agrupa como alta"
Polytech,Replicon SublimeLine,20735-125,anatomica,microtexturizada,POLYtxt,Replicon POLYtxt TMS Proyección moderada,125,9.0,9.0,3.3,4.6,EasyFit Gel,"Polytech (Biocablan, feb. 2021, nº 1) — datos/fuentes/polytech-biocablan-2021.pdf",20,"Base redonda con proyección anatómica: altura = base, así que el filtro de altura la agrupa como alta"
Polytech,Replicon SublimeLine,20735-150,anatomica,microtexturizada,POLYtxt,Replicon POLYtxt TMS Proyección moderada,150,9.5,9.5,3.5,4.8,EasyFit Gel,"Polytech (Biocablan, feb. 2021, nº 1) — datos/fuentes/polytech-biocablan-2021.pdf",20,"Base redonda con proyección anatómica: altura = base, así que el filtro de altura la agrupa como alta"
Polytech,Replicon SublimeLine,20734-125,anatomica,microtexturizada,POLYtxt,Replicon POLYtxt TLS Proyección baja,125,10.0,10.0,2.8,4.4,EasyFit Gel,"Polytech (Biocablan, feb. 2021, nº 1) — datos/fuentes/polytech-biocablan-2021.pdf",20,"Base redonda con proyección anatómica: altura = base, así que el filtro de altura la agrupa como alta"
Polytech,Replicon SublimeLine,20735-170,anatomica,microtexturizada,POLYtxt,Replicon POLYtxt TMS Proyección moderada,170,10.0,10.0,3.6,5.0,EasyFit Gel,"Polytech (Biocablan, feb. 2021, nº 1) — datos/fuentes/polytech-biocablan-2021.pdf",20,"Base redonda con proyección anatómica: altura = base, así que el filtro de altura la agrupa como alta"
Polytech,Replicon SublimeLine,20734-150,anatomica,microtexturizada,POLYtxt,Replicon POLYtxt TLS Proyección baja,150,10.5,10.5,2.9,4.6,EasyFit Gel,"Polytech (Biocablan, feb. 2021, nº 1) — datos/fuentes/polytech-biocablan-2021.pdf",20,"Base redonda con proyección anatómica: altura = base, así que el filtro de altura la agrupa como alta"
Polytech,Replicon SublimeLine,20735-195,anatomica,microtexturizada,POLYtxt,Replicon POLYtxt TMS Proyección moderada,195,10.5,10.5,3.7,5.2,EasyFit Gel,"Polytech (Biocablan, feb. 2021, nº 1) — datos/fuentes/polytech-biocablan-2021.pdf",20,"Base redonda con proyección anatómica: altura = base, así que el filtro de altura la agrupa como alta"
Polytech,Replicon SublimeLine,20734-165,anatomica,microtexturizada,POLYtxt,Replicon POLYtxt TLS Proyección baja,165,11.0,11.0,2.9,4.8,EasyFit Gel,"Polytech (Biocablan, feb. 2021, nº 1) — datos/fuentes/polytech-biocablan-2021.pdf",20,"Base redonda con proyección anatómica: altura = base, así que el filtro de altura la agrupa como alta"
Polytech,Replicon SublimeLine,20735-220,anatomica,microtexturizada,POLYtxt,Replicon POLYtxt TMS Proyección moderada,220,11.0,11.0,3.8,5.5,EasyFit Gel,"Polytech (Biocablan, feb. 2021, nº 1) — datos/fuentes/polytech-biocablan-2021.pdf",20,"Base redonda con proyección anatómica: altura = base, así que el filtro de altura la agrupa como alta"
Polytech,Replicon SublimeLine,20734-185,anatomica,microtexturizada,POLYtxt,Replicon POLYtxt TLS Proyección baja,185,11.5,11.5,3.0,5.0,EasyFit Gel,"Polytech (Biocablan, feb. 2021, nº 1) — datos/fuentes/polytech-biocablan-2021.pdf",20,"Base redonda con proyección anatómica: altura = base, así que el filtro de altura la agrupa como alta"
Polytech,Replicon SublimeLine,20735-255,anatomica,microtexturizada,POLYtxt,Replicon POLYtxt TMS Proyección moderada,255,11.5,11.5,4.0,5.7,EasyFit Gel,"Polytech (Biocablan, feb. 2021, nº 1) — datos/fuentes/polytech-biocablan-2021.pdf",20,"Base redonda con proyección anatómica: altura = base, así que el filtro de altura la agrupa como alta"
Polytech,Replicon SublimeLine,20734-210,anatomica,microtexturizada,POLYtxt,Replicon POLYtxt TLS Proyección baja,210,12.0,12.0,3.1,5.2,EasyFit Gel,"Polytech (Biocablan, feb. 2021, nº 1) — datos/fuentes/polytech-biocablan-2021.pdf",20,"Base redonda con proyección anatómica: altura = base, así que el filtro de altura la agrupa como alta"
Polytech,Replicon SublimeLine,20735-280,anatomica,microtexturizada,POLYtxt,Replicon POLYtxt TMS Proyección moderada,280,12.0,12.0,4.1,5.9,EasyFit Gel,"Polytech (Biocablan, feb. 2021, nº 1) — datos/fuentes/polytech-biocablan-2021.pdf",20,"Base redonda con proyección anatómica: altura = base, así que el filtro de altura la agrupa como alta"
Polytech,Replicon SublimeLine,20734-235,anatomica,microtexturizada,POLYtxt,Replicon POLYtxt TLS Proyección baja,235,12.5,12.5,3.2,5.4,EasyFit Gel,"Polytech (Biocablan, feb. 2021, nº 1) — datos/fuentes/polytech-biocablan-2021.pdf",20,"Base redonda con proyección anatómica: altura = base, así que el filtro de altura la agrupa como alta"
Polytech,Replicon SublimeLine,20735-320,anatomica,microtexturizada,POLYtxt,Replicon POLYtxt TMS Proyección moderada,320,12.5,12.5,4.3,6.1,EasyFit Gel,"Polytech (Biocablan, feb. 2021, nº 1) — datos/fuentes/polytech-biocablan-2021.pdf",20,"Base redonda con proyección anatómica: altura = base, así que el filtro de altura la agrupa como alta"
Polytech,Replicon SublimeLine,20734-365,anatomica,microtexturizada,POLYtxt,Replicon POLYtxt TLS Proyección baja,365,13.0,13.0,3.3,5.6,EasyFit Gel,"Polytech (Biocablan, feb. 2021, nº 1) — datos/fuentes/polytech-biocablan-2021.pdf",20,"VOLUMEN DUDOSO: el catálogo imprime 365 cc, pero rompe su serie (235 -> 365 -> 290) y por geometría serían unos 260 cc. Confirmar con el distribuidor. Base redonda con proyección anatómica: altura = base, así que el filtro de altura la agrupa como alta"
Polytech,Replicon SublimeLine,20735-350,anatomica,microtexturizada,POLYtxt,Replicon POLYtxt TMS Proyección moderada,350,13.0,13.0,4.4,6.3,EasyFit Gel,"Polytech (Biocablan, feb. 2021, nº 1) — datos/fuentes/polytech-biocablan-2021.pdf",20,"Base redonda con proyección anatómica: altura = base, así que el filtro de altura la agrupa como alta"
Polytech,Replicon SublimeLine,20734-290,anatomica,microtexturizada,POLYtxt,Replicon POLYtxt TLS Proyección baja,290,13.5,13.5,3.4,5.8,EasyFit Gel,"Polytech (Biocablan, feb. 2021, nº 1) — datos/fuentes/polytech-biocablan-2021.pdf",20,"Base redonda con proyección anatómica: altura = base, así que el filtro de altura la agrupa como alta"
Polytech,Replicon SublimeLine,20735-390,anatomica,microtexturizada,POLYtxt,Replicon POLYtxt TMS Proyección moderada,390,13.5,13.5,4.5,6.6,EasyFit Gel,"Polytech (Biocablan, feb. 2021, nº 1) — datos/fuentes/polytech-biocablan-2021.pdf",20,"Base redonda con proyección anatómica: altura = base, así que el filtro de altura la agrupa como alta"
Polytech,Replicon SublimeLine,20734-320,anatomica,microtexturizada,POLYtxt,Replicon POLYtxt TLS Proyección baja,320,14.0,14.0,3.5,5.9,EasyFit Gel,"Polytech (Biocablan, feb. 2021, nº 1) — datos/fuentes/polytech-biocablan-2021.pdf",20,"Base redonda con proyección anatómica: altura = base, así que el filtro de altura la agrupa como alta"
Polytech,Replicon SublimeLine,20735-435,anatomica,microtexturizada,POLYtxt,Replicon POLYtxt TMS Proyección moderada,435,14.0,14.0,4.7,6.8,EasyFit Gel,"Polytech (Biocablan, feb. 2021, nº 1) — datos/fuentes/polytech-biocablan-2021.pdf",20,"Base redonda con proyección anatómica: altura = base, así que el filtro de altura la agrupa como alta"
Polytech,Replicon SublimeLine,20734-350,anatomica,microtexturizada,POLYtxt,Replicon POLYtxt TLS Proyección baja,350,14.5,14.5,3.5,6.1,EasyFit Gel,"Polytech (Biocablan, feb. 2021, nº 1) — datos/fuentes/polytech-biocablan-2021.pdf",20,"Base redonda con proyección anatómica: altura = base, así que el filtro de altura la agrupa como alta"
Polytech,Replicon SublimeLine,20735-480,anatomica,microtexturizada,POLYtxt,Replicon POLYtxt TMS Proyección moderada,480,14.5,14.5,4.8,7.0,EasyFit Gel,"Polytech (Biocablan, feb. 2021, nº 1) — datos/fuentes/polytech-biocablan-2021.pdf",20,"Base redonda con proyección anatómica: altura = base, así que el filtro de altura la agrupa como alta"
Polytech,Replicon SublimeLine,20734-390,anatomica,microtexturizada,POLYtxt,Replicon POLYtxt TLS Proyección baja,390,15.0,15.0,3.6,6.3,EasyFit Gel,"Polytech (Biocablan, feb. 2021, nº 1) — datos/fuentes/polytech-biocablan-2021.pdf",20,"Base redonda con proyección anatómica: altura = base, así que el filtro de altura la agrupa como alta"
Polytech,Replicon SublimeLine,20735-530,anatomica,microtexturizada,POLYtxt,Replicon POLYtxt TMS Proyección moderada,530,15.0,15.0,4.9,7.2,EasyFit Gel,"Polytech (Biocablan, feb. 2021, nº 1) — datos/fuentes/polytech-biocablan-2021.pdf",20,"Base redonda con proyección anatómica: altura = base, así que el filtro de altura la agrupa como alta"
Polytech,Replicon SublimeLine,20734-425,anatomica,microtexturizada,POLYtxt,Replicon POLYtxt TLS Proyección baja,425,15.5,15.5,3.7,6.5,EasyFit Gel,"Polytech (Biocablan, feb. 2021, nº 1) — datos/fuentes/polytech-biocablan-2021.pdf",20,"Base redonda con proyección anatómica: altura = base, así que el filtro de altura la agrupa como alta"
Polytech,Replicon SublimeLine,20735-580,anatomica,microtexturizada,POLYtxt,Replicon POLYtxt TMS Proyección moderada,580,15.5,15.5,5.1,7.4,EasyFit Gel,"Polytech (Biocablan, feb. 2021, nº 1) — datos/fuentes/polytech-biocablan-2021.pdf",20,"Base redonda con proyección anatómica: altura = base, así que el filtro de altura la agrupa como alta"
Polytech,Optimam SublimeLine,20774-150,anatomica,microtexturizada,POLYtxt,Optimam POLYtxt TLS Proyección baja,150,10.0,11.6,2.8,4.7,EasyFit Gel,"Polytech (Biocablan, feb. 2021, nº 1) — datos/fuentes/polytech-biocablan-2021.pdf",20,
Polytech,Optimam SublimeLine,20775-200,anatomica,microtexturizada,POLYtxt,Optimam POLYtxt TMS Proyección moderada,200,10.0,11.6,3.6,5.3,EasyFit Gel,"Polytech (Biocablan, feb. 2021, nº 1) — datos/fuentes/polytech-biocablan-2021.pdf",20,
Polytech,Optimam SublimeLine,20774-170,anatomica,microtexturizada,POLYtxt,Optimam POLYtxt TLS Proyección baja,170,10.5,12.2,2.9,4.9,EasyFit Gel,"Polytech (Biocablan, feb. 2021, nº 1) — datos/fuentes/polytech-biocablan-2021.pdf",20,
Polytech,Optimam SublimeLine,20775-225,anatomica,microtexturizada,POLYtxt,Optimam POLYtxt TMS Proyección moderada,225,10.5,12.2,3.7,5.6,EasyFit Gel,"Polytech (Biocablan, feb. 2021, nº 1) — datos/fuentes/polytech-biocablan-2021.pdf",20,
Polytech,Optimam SublimeLine,20774-195,anatomica,microtexturizada,POLYtxt,Optimam POLYtxt TLS Proyección baja,195,11.0,12.8,2.9,5.1,EasyFit Gel,"Polytech (Biocablan, feb. 2021, nº 1) — datos/fuentes/polytech-biocablan-2021.pdf",20,
Polytech,Optimam SublimeLine,20775-260,anatomica,microtexturizada,POLYtxt,Optimam POLYtxt TMS Proyección moderada,260,11.0,12.8,3.8,5.8,EasyFit Gel,"Polytech (Biocablan, feb. 2021, nº 1) — datos/fuentes/polytech-biocablan-2021.pdf",20,
Polytech,Optimam SublimeLine,20774-220,anatomica,microtexturizada,POLYtxt,Optimam POLYtxt TLS Proyección baja,220,11.5,13.3,3.0,5.4,EasyFit Gel,"Polytech (Biocablan, feb. 2021, nº 1) — datos/fuentes/polytech-biocablan-2021.pdf",20,
Polytech,Optimam SublimeLine,20775-290,anatomica,microtexturizada,POLYtxt,Optimam POLYtxt TMS Proyección moderada,290,11.5,13.3,4.0,6.0,EasyFit Gel,"Polytech (Biocablan, feb. 2021, nº 1) — datos/fuentes/polytech-biocablan-2021.pdf",20,
Polytech,Optimam SublimeLine,20774-240,anatomica,microtexturizada,POLYtxt,Optimam POLYtxt TLS Proyección baja,240,12.0,13.9,3.1,5.6,EasyFit Gel,"Polytech (Biocablan, feb. 2021, nº 1) — datos/fuentes/polytech-biocablan-2021.pdf",20,
Polytech,Optimam SublimeLine,20775-330,anatomica,microtexturizada,POLYtxt,Optimam POLYtxt TMS Proyección moderada,330,12.0,13.9,4.1,6.3,EasyFit Gel,"Polytech (Biocablan, feb. 2021, nº 1) — datos/fuentes/polytech-biocablan-2021.pdf",20,
Polytech,Optimam SublimeLine,20774-275,anatomica,microtexturizada,POLYtxt,Optimam POLYtxt TLS Proyección baja,275,12.5,14.5,3.2,5.8,EasyFit Gel,"Polytech (Biocablan, feb. 2021, nº 1) — datos/fuentes/polytech-biocablan-2021.pdf",20,
Polytech,Optimam SublimeLine,20775-370,anatomica,microtexturizada,POLYtxt,Optimam POLYtxt TMS Proyección moderada,370,12.5,14.5,4.3,6.5,EasyFit Gel,"Polytech (Biocablan, feb. 2021, nº 1) — datos/fuentes/polytech-biocablan-2021.pdf",20,
Polytech,Opticon SublimeLine,20746-130,anatomica,microtexturizada,POLYtxt,Opticon POLYtxt THS Proyección alta,130,9.0,7.6,4.0,4.9,EasyFit Gel,"Polytech (Biocablan, feb. 2021, nº 1) — datos/fuentes/polytech-biocablan-2021.pdf",21,
Polytech,Opticon SublimeLine,20747-160,anatomica,microtexturizada,POLYtxt,Opticon POLYtxt TXS extra alta,160,9.0,7.6,4.9,5.5,EasyFit Gel,"Polytech (Biocablan, feb. 2021, nº 1) — datos/fuentes/polytech-biocablan-2021.pdf",21,
Polytech,Opticon SublimeLine,20746-155,anatomica,microtexturizada,POLYtxt,Opticon POLYtxt THS Proyección alta,155,9.5,8.0,4.2,5.1,EasyFit Gel,"Polytech (Biocablan, feb. 2021, nº 1) — datos/fuentes/polytech-biocablan-2021.pdf",21,
Polytech,Opticon SublimeLine,20747-185,anatomica,microtexturizada,POLYtxt,Opticon POLYtxt TXS extra alta,185,9.5,8.0,5.1,5.8,EasyFit Gel,"Polytech (Biocablan, feb. 2021, nº 1) — datos/fuentes/polytech-biocablan-2021.pdf",21,
Polytech,Opticon SublimeLine,20746-175,anatomica,microtexturizada,POLYtxt,Opticon POLYtxt THS Proyección alta,175,10.0,8.4,4.4,5.4,EasyFit Gel,"Polytech (Biocablan, feb. 2021, nº 1) — datos/fuentes/polytech-biocablan-2021.pdf",21,
Polytech,Opticon SublimeLine,20747-215,anatomica,microtexturizada,POLYtxt,Opticon POLYtxt TXS extra alta,215,10.0,8.4,5.3,6.1,EasyFit Gel,"Polytech (Biocablan, feb. 2021, nº 1) — datos/fuentes/polytech-biocablan-2021.pdf",21,
Polytech,Opticon SublimeLine,20746-205,anatomica,microtexturizada,POLYtxt,Opticon POLYtxt THS Proyección alta,205,10.5,8.8,4.5,5.6,EasyFit Gel,"Polytech (Biocablan, feb. 2021, nº 1) — datos/fuentes/polytech-biocablan-2021.pdf",21,
Polytech,Opticon SublimeLine,20747-240,anatomica,microtexturizada,POLYtxt,Opticon POLYtxt TXS extra alta,240,10.5,8.8,5.5,6.3,EasyFit Gel,"Polytech (Biocablan, feb. 2021, nº 1) — datos/fuentes/polytech-biocablan-2021.pdf",21,
Polytech,Opticon SublimeLine,20746-230,anatomica,microtexturizada,POLYtxt,Opticon POLYtxt THS Proyección alta,230,11.0,9.2,4.7,5.8,EasyFit Gel,"Polytech (Biocablan, feb. 2021, nº 1) — datos/fuentes/polytech-biocablan-2021.pdf",21,
Polytech,Opticon SublimeLine,20747-280,anatomica,microtexturizada,POLYtxt,Opticon POLYtxt TXS extra alta,280,11.0,9.2,5.7,6.6,EasyFit Gel,"Polytech (Biocablan, feb. 2021, nº 1) — datos/fuentes/polytech-biocablan-2021.pdf",21,
Polytech,Opticon SublimeLine,20746-265,anatomica,microtexturizada,POLYtxt,Opticon POLYtxt THS Proyección alta,265,11.5,9.7,4.9,6.1,EasyFit Gel,"Polytech (Biocablan, feb. 2021, nº 1) — datos/fuentes/polytech-biocablan-2021.pdf",21,
Polytech,Opticon SublimeLine,20747-320,anatomica,microtexturizada,POLYtxt,Opticon POLYtxt TXS extra alta,320,11.5,9.7,5.9,6.9,EasyFit Gel,"Polytech (Biocablan, feb. 2021, nº 1) — datos/fuentes/polytech-biocablan-2021.pdf",21,
Polytech,Opticon SublimeLine,20746-295,anatomica,microtexturizada,POLYtxt,Opticon POLYtxt THS Proyección alta,295,12.0,10.1,5.1,6.3,EasyFit Gel,"Polytech (Biocablan, feb. 2021, nº 1) — datos/fuentes/polytech-biocablan-2021.pdf",21,
Polytech,Opticon SublimeLine,20747-360,anatomica,microtexturizada,POLYtxt,Opticon POLYtxt TXS extra alta,360,12.0,10.1,6.1,7.1,EasyFit Gel,"Polytech (Biocablan, feb. 2021, nº 1) — datos/fuentes/polytech-biocablan-2021.pdf",21,
Polytech,Opticon SublimeLine,20746-335,anatomica,microtexturizada,POLYtxt,Opticon POLYtxt THS Proyección alta,335,12.5,10.5,5.3,6.5,EasyFit Gel,"Polytech (Biocablan, feb. 2021, nº 1) — datos/fuentes/polytech-biocablan-2021.pdf",21,
Polytech,Opticon SublimeLine,20747-400,anatomica,microtexturizada,POLYtxt,Opticon POLYtxt TXS extra alta,400,12.5,10.5,6.3,7.4,EasyFit Gel,"Polytech (Biocablan, feb. 2021, nº 1) — datos/fuentes/polytech-biocablan-2021.pdf",21,
Polytech,Opticon SublimeLine,20746-375,anatomica,microtexturizada,POLYtxt,Opticon POLYtxt THS Proyección alta,375,13.0,10.9,5.5,6.8,EasyFit Gel,"Polytech (Biocablan, feb. 2021, nº 1) — datos/fuentes/polytech-biocablan-2021.pdf",21,
Polytech,Opticon SublimeLine,20747-450,anatomica,microtexturizada,POLYtxt,Opticon POLYtxt TXS extra alta,450,13.0,10.9,6.5,7.7,EasyFit Gel,"Polytech (Biocablan, feb. 2021, nº 1) — datos/fuentes/polytech-biocablan-2021.pdf",21,
Polytech,Opticon SublimeLine,20746-420,anatomica,microtexturizada,POLYtxt,Opticon POLYtxt THS Proyección alta,420,13.5,11.3,5.7,7.0,EasyFit Gel,"Polytech (Biocablan, feb. 2021, nº 1) — datos/fuentes/polytech-biocablan-2021.pdf",21,
Polytech,Opticon SublimeLine,20747-500,anatomica,microtexturizada,POLYtxt,Opticon POLYtxt TXS extra alta,500,13.5,11.3,6.7,7.9,EasyFit Gel,"Polytech (Biocablan, feb. 2021, nº 1) — datos/fuentes/polytech-biocablan-2021.pdf",21,
Polytech,Opticon SublimeLine,20746-460,anatomica,microtexturizada,POLYtxt,Opticon POLYtxt THS Proyección alta,460,14.0,11.8,5.9,7.2,EasyFit Gel,"Polytech (Biocablan, feb. 2021, nº 1) — datos/fuentes/polytech-biocablan-2021.pdf",21,
Polytech,Opticon SublimeLine,20747-560,anatomica,microtexturizada,POLYtxt,Opticon POLYtxt TXS extra alta,560,14.0,11.8,6.9,8.2,EasyFit Gel,"Polytech (Biocablan, feb. 2021, nº 1) — datos/fuentes/polytech-biocablan-2021.pdf",21,
Polytech,Opticon SublimeLine,20746-510,anatomica,microtexturizada,POLYtxt,Opticon POLYtxt THS Proyección alta,510,14.5,12.2,6.1,7.5,EasyFit Gel,"Polytech (Biocablan, feb. 2021, nº 1) — datos/fuentes/polytech-biocablan-2021.pdf",21,
Polytech,Opticon SublimeLine,20747-615,anatomica,microtexturizada,POLYtxt,Opticon POLYtxt TXS extra alta,615,14.5,12.2,7.1,8.5,EasyFit Gel,"Polytech (Biocablan, feb. 2021, nº 1) — datos/fuentes/polytech-biocablan-2021.pdf",21,
Polytech,Opticon SublimeLine,20746-560,anatomica,microtexturizada,POLYtxt,Opticon POLYtxt THS Proyección alta,560,15.0,12.6,6.2,7.7,EasyFit Gel,"Polytech (Biocablan, feb. 2021, nº 1) — datos/fuentes/polytech-biocablan-2021.pdf",21,
Polytech,Opticon SublimeLine,20747-680,anatomica,microtexturizada,POLYtxt,Opticon POLYtxt TXS extra alta,680,15.0,12.6,7.3,8.7,EasyFit Gel,"Polytech (Biocablan, feb. 2021, nº 1) — datos/fuentes/polytech-biocablan-2021.pdf",21,
Polytech,Opticon SublimeLine,20746-615,anatomica,microtexturizada,POLYtxt,Opticon POLYtxt THS Proyección alta,615,15.5,13.0,6.4,8.0,EasyFit Gel,"Polytech (Biocablan, feb. 2021, nº 1) — datos/fuentes/polytech-biocablan-2021.pdf",21,
Polytech,Opticon SublimeLine,20747-750,anatomica,microtexturizada,POLYtxt,Opticon POLYtxt TXS extra alta,750,15.5,13.0,7.5,9.0,EasyFit Gel,"Polytech (Biocablan, feb. 2021, nº 1) — datos/fuentes/polytech-biocablan-2021.pdf",21,
Polytech,Replicon SublimeLine,20736-115,anatomica,microtexturizada,POLYtxt,Replicon POLYtxt THS Proyección alta,115,8.0,8.0,3.7,4.7,EasyFit Gel,"Polytech (Biocablan, feb. 2021, nº 1) — datos/fuentes/polytech-biocablan-2021.pdf",21,"Base redonda con proyección anatómica: altura = base, así que el filtro de altura la agrupa como alta"
Polytech,Replicon SublimeLine,20736-130,anatomica,microtexturizada,POLYtxt,Replicon POLYtxt THS Proyección alta,130,8.5,8.5,3.9,4.9,EasyFit Gel,"Polytech (Biocablan, feb. 2021, nº 1) — datos/fuentes/polytech-biocablan-2021.pdf",21,"Base redonda con proyección anatómica: altura = base, así que el filtro de altura la agrupa como alta"
Polytech,Replicon SublimeLine,20736-160,anatomica,microtexturizada,POLYtxt,Replicon POLYtxt THS Proyección alta,160,9.0,9.0,4.0,5.2,EasyFit Gel,"Polytech (Biocablan, feb. 2021, nº 1) — datos/fuentes/polytech-biocablan-2021.pdf",21,"Base redonda con proyección anatómica: altura = base, así que el filtro de altura la agrupa como alta"
Polytech,Replicon SublimeLine,20736-180,anatomica,microtexturizada,POLYtxt,Replicon POLYtxt THS Proyección alta,180,9.5,9.5,4.2,5.4,EasyFit Gel,"Polytech (Biocablan, feb. 2021, nº 1) — datos/fuentes/polytech-biocablan-2021.pdf",21,"Base redonda con proyección anatómica: altura = base, así que el filtro de altura la agrupa como alta"
Polytech,Replicon SublimeLine,20737-220,anatomica,microtexturizada,POLYtxt,Replicon POLYtxt TXS extra alta,220,9.5,9.5,5.1,6.1,EasyFit Gel,"Polytech (Biocablan, feb. 2021, nº 1) — datos/fuentes/polytech-biocablan-2021.pdf",21,"Base redonda con proyección anatómica: altura = base, así que el filtro de altura la agrupa como alta"
Polytech,Replicon SublimeLine,20736-210,anatomica,microtexturizada,POLYtxt,Replicon POLYtxt THS Proyección alta,210,10.0,10.0,4.4,5.7,EasyFit Gel,"Polytech (Biocablan, feb. 2021, nº 1) — datos/fuentes/polytech-biocablan-2021.pdf",21,"Base redonda con proyección anatómica: altura = base, así que el filtro de altura la agrupa como alta"
Polytech,Replicon SublimeLine,20737-255,anatomica,microtexturizada,POLYtxt,Replicon POLYtxt TXS extra alta,255,10.0,10.0,5.3,6.3,EasyFit Gel,"Polytech (Biocablan, feb. 2021, nº 1) — datos/fuentes/polytech-biocablan-2021.pdf",21,"Base redonda con proyección anatómica: altura = base, así que el filtro de altura la agrupa como alta"
Polytech,Replicon SublimeLine,20736-240,anatomica,microtexturizada,POLYtxt,Replicon POLYtxt THS Proyección alta,240,10.5,10.5,4.5,5.9,EasyFit Gel,"Polytech (Biocablan, feb. 2021, nº 1) — datos/fuentes/polytech-biocablan-2021.pdf",21,"Base redonda con proyección anatómica: altura = base, así que el filtro de altura la agrupa como alta"
Polytech,Replicon SublimeLine,20737-290,anatomica,microtexturizada,POLYtxt,Replicon POLYtxt TXS extra alta,290,10.5,10.5,5.5,6.6,EasyFit Gel,"Polytech (Biocablan, feb. 2021, nº 1) — datos/fuentes/polytech-biocablan-2021.pdf",21,"Base redonda con proyección anatómica: altura = base, así que el filtro de altura la agrupa como alta"
Polytech,Replicon SublimeLine,20736-275,anatomica,microtexturizada,POLYtxt,Replicon POLYtxt THS Proyección alta,275,11.0,11.0,4.7,6.2,EasyFit Gel,"Polytech (Biocablan, feb. 2021, nº 1) — datos/fuentes/polytech-biocablan-2021.pdf",21,"Base redonda con proyección anatómica: altura = base, así que el filtro de altura la agrupa como alta"
Polytech,Replicon SublimeLine,20737-330,anatomica,microtexturizada,POLYtxt,Replicon POLYtxt TXS extra alta,330,11.0,11.0,5.7,6.9,EasyFit Gel,"Polytech (Biocablan, feb. 2021, nº 1) — datos/fuentes/polytech-biocablan-2021.pdf",21,"Base redonda con proyección anatómica: altura = base, así que el filtro de altura la agrupa como alta"
Polytech,Replicon SublimeLine,20736-315,anatomica,microtexturizada,POLYtxt,Replicon POLYtxt THS Proyección alta,315,11.5,11.5,4.9,6.4,EasyFit Gel,"Polytech (Biocablan, feb. 2021, nº 1) — datos/fuentes/polytech-biocablan-2021.pdf",21,"Base redonda con proyección anatómica: altura = base, así que el filtro de altura la agrupa como alta"
Polytech,Replicon SublimeLine,20737-380,anatomica,microtexturizada,POLYtxt,Replicon POLYtxt TXS extra alta,380,11.5,11.5,5.9,7.2,EasyFit Gel,"Polytech (Biocablan, feb. 2021, nº 1) — datos/fuentes/polytech-biocablan-2021.pdf",21,"Base redonda con proyección anatómica: altura = base, así que el filtro de altura la agrupa como alta"
Polytech,Replicon SublimeLine,20736-350,anatomica,microtexturizada,POLYtxt,Replicon POLYtxt THS Proyección alta,350,12.0,12.0,5.1,6.7,EasyFit Gel,"Polytech (Biocablan, feb. 2021, nº 1) — datos/fuentes/polytech-biocablan-2021.pdf",21,"Base redonda con proyección anatómica: altura = base, así que el filtro de altura la agrupa como alta"
Polytech,Replicon SublimeLine,20737-425,anatomica,microtexturizada,POLYtxt,Replicon POLYtxt TXS extra alta,425,12.0,12.0,6.1,7.5,EasyFit Gel,"Polytech (Biocablan, feb. 2021, nº 1) — datos/fuentes/polytech-biocablan-2021.pdf",21,"Base redonda con proyección anatómica: altura = base, así que el filtro de altura la agrupa como alta"
Polytech,Replicon SublimeLine,20736-395,anatomica,microtexturizada,POLYtxt,Replicon POLYtxt THS Proyección alta,395,12.5,12.5,5.3,6.9,EasyFit Gel,"Polytech (Biocablan, feb. 2021, nº 1) — datos/fuentes/polytech-biocablan-2021.pdf",21,"Base redonda con proyección anatómica: altura = base, así que el filtro de altura la agrupa como alta"
Polytech,Replicon SublimeLine,20737-480,anatomica,microtexturizada,POLYtxt,Replicon POLYtxt TXS extra alta,480,12.5,12.5,6.3,7.8,EasyFit Gel,"Polytech (Biocablan, feb. 2021, nº 1) — datos/fuentes/polytech-biocablan-2021.pdf",21,"Base redonda con proyección anatómica: altura = base, así que el filtro de altura la agrupa como alta"
Polytech,Replicon SublimeLine,20736-445,anatomica,microtexturizada,POLYtxt,Replicon POLYtxt THS Proyección alta,445,13.0,13.0,5.5,7.2,EasyFit Gel,"Polytech (Biocablan, feb. 2021, nº 1) — datos/fuentes/polytech-biocablan-2021.pdf",21,"Base redonda con proyección anatómica: altura = base, así que el filtro de altura la agrupa como alta"
Polytech,Replicon SublimeLine,20737-535,anatomica,microtexturizada,POLYtxt,Replicon POLYtxt TXS extra alta,535,13.0,13.0,6.5,8.0,EasyFit Gel,"Polytech (Biocablan, feb. 2021, nº 1) — datos/fuentes/polytech-biocablan-2021.pdf",21,"Base redonda con proyección anatómica: altura = base, así que el filtro de altura la agrupa como alta"
Polytech,Replicon SublimeLine,20736-495,anatomica,microtexturizada,POLYtxt,Replicon POLYtxt THS Proyección alta,495,13.5,13.5,5.7,7.4,EasyFit Gel,"Polytech (Biocablan, feb. 2021, nº 1) — datos/fuentes/polytech-biocablan-2021.pdf",21,"Base redonda con proyección anatómica: altura = base, así que el filtro de altura la agrupa como alta"
Polytech,Replicon SublimeLine,20737-600,anatomica,microtexturizada,POLYtxt,Replicon POLYtxt TXS extra alta,600,13.5,13.5,6.7,8.3,EasyFit Gel,"Polytech (Biocablan, feb. 2021, nº 1) — datos/fuentes/polytech-biocablan-2021.pdf",21,"Base redonda con proyección anatómica: altura = base, así que el filtro de altura la agrupa como alta"
Polytech,Replicon SublimeLine,20736-550,anatomica,microtexturizada,POLYtxt,Replicon POLYtxt THS Proyección alta,550,14.0,14.0,5.9,7.7,EasyFit Gel,"Polytech (Biocablan, feb. 2021, nº 1) — datos/fuentes/polytech-biocablan-2021.pdf",21,"Base redonda con proyección anatómica: altura = base, así que el filtro de altura la agrupa como alta"
Polytech,Replicon SublimeLine,20737-665,anatomica,microtexturizada,POLYtxt,Replicon POLYtxt TXS extra alta,665,14.0,14.0,6.9,8.6,EasyFit Gel,"Polytech (Biocablan, feb. 2021, nº 1) — datos/fuentes/polytech-biocablan-2021.pdf",21,"Base redonda con proyección anatómica: altura = base, así que el filtro de altura la agrupa como alta"
Polytech,Replicon SublimeLine,20736-605,anatomica,microtexturizada,POLYtxt,Replicon POLYtxt THS Proyección alta,605,14.5,14.5,6.1,7.9,EasyFit Gel,"Polytech (Biocablan, feb. 2021, nº 1) — datos/fuentes/polytech-biocablan-2021.pdf",21,"Base redonda con proyección anatómica: altura = base, así que el filtro de altura la agrupa como alta"
Polytech,Replicon SublimeLine,20737-730,anatomica,microtexturizada,POLYtxt,Replicon POLYtxt TXS extra alta,730,14.5,14.5,7.1,8.9,EasyFit Gel,"Polytech (Biocablan, feb. 2021, nº 1) — datos/fuentes/polytech-biocablan-2021.pdf",21,"Base redonda con proyección anatómica: altura = base, así que el filtro de altura la agrupa como alta"
Polytech,Replicon SublimeLine,20736-670,anatomica,microtexturizada,POLYtxt,Replicon POLYtxt THS Proyección alta,670,15.0,15.0,6.2,8.2,EasyFit Gel,"Polytech (Biocablan, feb. 2021, nº 1) — datos/fuentes/polytech-biocablan-2021.pdf",21,"Base redonda con proyección anatómica: altura = base, así que el filtro de altura la agrupa como alta"
Polytech,Replicon SublimeLine,20737-810,anatomica,microtexturizada,POLYtxt,Replicon POLYtxt TXS extra alta,810,15.0,15.0,7.3,9.2,EasyFit Gel,"Polytech (Biocablan, feb. 2021, nº 1) — datos/fuentes/polytech-biocablan-2021.pdf",21,"Base redonda con proyección anatómica: altura = base, así que el filtro de altura la agrupa como alta"
Polytech,Replicon SublimeLine,20736-735,anatomica,microtexturizada,POLYtxt,Replicon POLYtxt THS Proyección alta,735,15.5,15.5,6.4,8.4,EasyFit Gel,"Polytech (Biocablan, feb. 2021, nº 1) — datos/fuentes/polytech-biocablan-2021.pdf",21,"Base redonda con proyección anatómica: altura = base, así que el filtro de altura la agrupa como alta"
Polytech,Replicon SublimeLine,20737-890,anatomica,microtexturizada,POLYtxt,Replicon POLYtxt TXS extra alta,890,15.5,15.5,7.5,9.5,EasyFit Gel,"Polytech (Biocablan, feb. 2021, nº 1) — datos/fuentes/polytech-biocablan-2021.pdf",21,"Base redonda con proyección anatómica: altura = base, así que el filtro de altura la agrupa como alta"
Polytech,Optimam SublimeLine,20776-180,anatomica,microtexturizada,POLYtxt,Optimam POLYtxt THS Proyección alta,180,9.0,10.4,4.0,5.4,EasyFit Gel,"Polytech (Biocablan, feb. 2021, nº 1) — datos/fuentes/polytech-biocablan-2021.pdf",21,
Polytech,Optimam SublimeLine,20777-220,anatomica,microtexturizada,POLYtxt,Optimam POLYtxt TXS extra alta,220,9.0,10.4,4.9,6.0,EasyFit Gel,"Polytech (Biocablan, feb. 2021, nº 1) — datos/fuentes/polytech-biocablan-2021.pdf",21,
Polytech,Optimam SublimeLine,20776-215,anatomica,microtexturizada,POLYtxt,Optimam POLYtxt THS Proyección alta,215,9.5,11.0,4.2,5.7,EasyFit Gel,"Polytech (Biocablan, feb. 2021, nº 1) — datos/fuentes/polytech-biocablan-2021.pdf",21,
Polytech,Optimam SublimeLine,20777-255,anatomica,microtexturizada,POLYtxt,Optimam POLYtxt TXS extra alta,255,9.5,11.0,5.1,6.3,EasyFit Gel,"Polytech (Biocablan, feb. 2021, nº 1) — datos/fuentes/polytech-biocablan-2021.pdf",21,
Polytech,Optimam SublimeLine,20776-250,anatomica,microtexturizada,POLYtxt,Optimam POLYtxt THS Proyección alta,250,10.0,11.6,4.4,6.0,EasyFit Gel,"Polytech (Biocablan, feb. 2021, nº 1) — datos/fuentes/polytech-biocablan-2021.pdf",21,
Polytech,Optimam SublimeLine,20777-290,anatomica,microtexturizada,POLYtxt,Optimam POLYtxt TXS extra alta,290,10.0,11.6,5.3,6.6,EasyFit Gel,"Polytech (Biocablan, feb. 2021, nº 1) — datos/fuentes/polytech-biocablan-2021.pdf",21,
Polytech,Optimam SublimeLine,20776-280,anatomica,microtexturizada,POLYtxt,Optimam POLYtxt THS Proyección alta,280,10.5,12.2,4.5,6.2,EasyFit Gel,"Polytech (Biocablan, feb. 2021, nº 1) — datos/fuentes/polytech-biocablan-2021.pdf",21,
Polytech,Optimam SublimeLine,20777-335,anatomica,microtexturizada,POLYtxt,Optimam POLYtxt TXS extra alta,335,10.5,12.2,5.5,6.9,EasyFit Gel,"Polytech (Biocablan, feb. 2021, nº 1) — datos/fuentes/polytech-biocablan-2021.pdf",21,
Polytech,Optimam SublimeLine,20776-320,anatomica,microtexturizada,POLYtxt,Optimam POLYtxt THS Proyección alta,320,11.0,12.8,4.7,6.5,EasyFit Gel,"Polytech (Biocablan, feb. 2021, nº 1) — datos/fuentes/polytech-biocablan-2021.pdf",21,
Polytech,Optimam SublimeLine,20777-385,anatomica,microtexturizada,POLYtxt,Optimam POLYtxt TXS extra alta,385,11.0,12.8,5.7,7.2,EasyFit Gel,"Polytech (Biocablan, feb. 2021, nº 1) — datos/fuentes/polytech-biocablan-2021.pdf",21,
Polytech,Optimam SublimeLine,20776-365,anatomica,microtexturizada,POLYtxt,Optimam POLYtxt THS Proyección alta,365,11.5,13.3,4.9,6.8,EasyFit Gel,"Polytech (Biocablan, feb. 2021, nº 1) — datos/fuentes/polytech-biocablan-2021.pdf",21,
Polytech,Optimam SublimeLine,20777-440,anatomica,microtexturizada,POLYtxt,Optimam POLYtxt TXS extra alta,440,11.5,13.3,5.9,7.5,EasyFit Gel,"Polytech (Biocablan, feb. 2021, nº 1) — datos/fuentes/polytech-biocablan-2021.pdf",21,
Polytech,Optimam SublimeLine,20776-415,anatomica,microtexturizada,POLYtxt,Optimam POLYtxt THS Proyección alta,415,12.0,13.9,5.1,7.0,EasyFit Gel,"Polytech (Biocablan, feb. 2021, nº 1) — datos/fuentes/polytech-biocablan-2021.pdf",21,
Polytech,Optimam SublimeLine,20777-495,anatomica,microtexturizada,POLYtxt,Optimam POLYtxt TXS extra alta,495,12.0,13.9,6.1,7.8,EasyFit Gel,"Polytech (Biocablan, feb. 2021, nº 1) — datos/fuentes/polytech-biocablan-2021.pdf",21,
Polytech,Optimam SublimeLine,20776-460,anatomica,microtexturizada,POLYtxt,Optimam POLYtxt THS Proyección alta,460,12.5,14.5,5.3,7.3,EasyFit Gel,"Polytech (Biocablan, feb. 2021, nº 1) — datos/fuentes/polytech-biocablan-2021.pdf",21,
Polytech,Optimam SublimeLine,20777-555,anatomica,microtexturizada,POLYtxt,Optimam POLYtxt TXS extra alta,555,12.5,14.5,6.3,8.1,EasyFit Gel,"Polytech (Biocablan, feb. 2021, nº 1) — datos/fuentes/polytech-biocablan-2021.pdf",21,
Polytech,Optimam SublimeLine,20777-620,anatomica,microtexturizada,POLYtxt,Optimam POLYtxt TXS extra alta,620,13.0,15.1,6.5,8.4,EasyFit Gel,"Polytech (Biocablan, feb. 2021, nº 1) — datos/fuentes/polytech-biocablan-2021.pdf",21,
Polytech,Optimam SublimeLine,20777-695,anatomica,microtexturizada,POLYtxt,Optimam POLYtxt TXS extra alta,695,13.5,15.7,6.7,8.7,EasyFit Gel,"Polytech (Biocablan, feb. 2021, nº 1) — datos/fuentes/polytech-biocablan-2021.pdf",21,
Polytech,Opticon 4Two,21641-180,anatomica,microtexturizada,POLYtxt,Opticon 4Two AO - Proyección alta,180,10.4,9.4,4.0,7.9,Diagon\Gel 4Two,"Polytech (Biocablan, feb. 2021, nº 1) — datos/fuentes/polytech-biocablan-2021.pdf",22,"Arco (D) de la línea 4Two: no es la misma medida que el resto de Polytech ni que Motiva o Silimed, y el catálogo no la define"
Polytech,Opticon 4Two,21642-215,anatomica,microtexturizada,POLYtxt,Opticon 4Two AO - Proyección extra alta,215,10.4,9.4,4.8,8.6,Diagon\Gel 4Two,"Polytech (Biocablan, feb. 2021, nº 1) — datos/fuentes/polytech-biocablan-2021.pdf",22,"Arco (D) de la línea 4Two: no es la misma medida que el resto de Polytech ni que Motiva o Silimed, y el catálogo no la define"
Polytech,Opticon 4Two,21641-205,anatomica,microtexturizada,POLYtxt,Opticon 4Two AO - Proyección alta,205,10.8,9.8,4.2,8.3,Diagon\Gel 4Two,"Polytech (Biocablan, feb. 2021, nº 1) — datos/fuentes/polytech-biocablan-2021.pdf",22,"Arco (D) de la línea 4Two: no es la misma medida que el resto de Polytech ni que Motiva o Silimed, y el catálogo no la define"
Polytech,Opticon 4Two,21642-245,anatomica,microtexturizada,POLYtxt,Opticon 4Two AO - Proyección extra alta,245,10.8,9.8,5.0,9.0,Diagon\Gel 4Two,"Polytech (Biocablan, feb. 2021, nº 1) — datos/fuentes/polytech-biocablan-2021.pdf",22,"Arco (D) de la línea 4Two: no es la misma medida que el resto de Polytech ni que Motiva o Silimed, y el catálogo no la define"
Polytech,Opticon 4Two,21641-235,anatomica,microtexturizada,POLYtxt,Opticon 4Two AO - Proyección alta,235,11.2,10.2,4.4,8.6,Diagon\Gel 4Two,"Polytech (Biocablan, feb. 2021, nº 1) — datos/fuentes/polytech-biocablan-2021.pdf",22,"Arco (D) de la línea 4Two: no es la misma medida que el resto de Polytech ni que Motiva o Silimed, y el catálogo no la define"
Polytech,Opticon 4Two,21642-285,anatomica,microtexturizada,POLYtxt,Opticon 4Two AO - Proyección extra alta,285,11.2,10.2,5.2,9.3,Diagon\Gel 4Two,"Polytech (Biocablan, feb. 2021, nº 1) — datos/fuentes/polytech-biocablan-2021.pdf",22,"Arco (D) de la línea 4Two: no es la misma medida que el resto de Polytech ni que Motiva o Silimed, y el catálogo no la define"
Polytech,Opticon 4Two,21641-260,anatomica,microtexturizada,POLYtxt,Opticon 4Two AO - Proyección alta,260,11.6,10.6,4.6,9.0,Diagon\Gel 4Two,"Polytech (Biocablan, feb. 2021, nº 1) — datos/fuentes/polytech-biocablan-2021.pdf",22,"Arco (D) de la línea 4Two: no es la misma medida que el resto de Polytech ni que Motiva o Silimed, y el catálogo no la define"
Polytech,Opticon 4Two,21642-305,anatomica,microtexturizada,POLYtxt,Opticon 4Two AO - Proyección extra alta,305,11.6,10.6,5.4,9.7,Diagon\Gel 4Two,"Polytech (Biocablan, feb. 2021, nº 1) — datos/fuentes/polytech-biocablan-2021.pdf",22,"Arco (D) de la línea 4Two: no es la misma medida que el resto de Polytech ni que Motiva o Silimed, y el catálogo no la define"
Polytech,Opticon 4Two,21641-290,anatomica,microtexturizada,POLYtxt,Opticon 4Two AO - Proyección alta,290,12.0,11.0,4.8,9.3,Diagon\Gel 4Two,"Polytech (Biocablan, feb. 2021, nº 1) — datos/fuentes/polytech-biocablan-2021.pdf",22,"Arco (D) de la línea 4Two: no es la misma medida que el resto de Polytech ni que Motiva o Silimed, y el catálogo no la define"
Polytech,Opticon 4Two,21642-335,anatomica,microtexturizada,POLYtxt,Opticon 4Two AO - Proyección extra alta,335,12.0,11.0,5.6,10.0,Diagon\Gel 4Two,"Polytech (Biocablan, feb. 2021, nº 1) — datos/fuentes/polytech-biocablan-2021.pdf",22,"Arco (D) de la línea 4Two: no es la misma medida que el resto de Polytech ni que Motiva o Silimed, y el catálogo no la define"
Polytech,Opticon 4Two,21641-320,anatomica,microtexturizada,POLYtxt,Opticon 4Two AO - Proyección alta,320,12.4,11.4,5.0,9.7,Diagon\Gel 4Two,"Polytech (Biocablan, feb. 2021, nº 1) — datos/fuentes/polytech-biocablan-2021.pdf",22,"Arco (D) de la línea 4Two: no es la misma medida que el resto de Polytech ni que Motiva o Silimed, y el catálogo no la define"
Polytech,Opticon 4Two,21642-380,anatomica,microtexturizada,POLYtxt,Opticon 4Two AO - Proyección extra alta,380,12.4,11.4,5.8,10.4,Diagon\Gel 4Two,"Polytech (Biocablan, feb. 2021, nº 1) — datos/fuentes/polytech-biocablan-2021.pdf",22,"Arco (D) de la línea 4Two: no es la misma medida que el resto de Polytech ni que Motiva o Silimed, y el catálogo no la define"
Polytech,Opticon 4Two,21641-360,anatomica,microtexturizada,POLYtxt,Opticon 4Two AO - Proyección alta,360,12.8,11.8,5.2,10.0,Diagon\Gel 4Two,"Polytech (Biocablan, feb. 2021, nº 1) — datos/fuentes/polytech-biocablan-2021.pdf",22,"Arco (D) de la línea 4Two: no es la misma medida que el resto de Polytech ni que Motiva o Silimed, y el catálogo no la define"
Polytech,Opticon 4Two,21642-415,anatomica,microtexturizada,POLYtxt,Opticon 4Two AO - Proyección extra alta,415,12.8,11.8,6.0,10.7,Diagon\Gel 4Two,"Polytech (Biocablan, feb. 2021, nº 1) — datos/fuentes/polytech-biocablan-2021.pdf",22,"Arco (D) de la línea 4Two: no es la misma medida que el resto de Polytech ni que Motiva o Silimed, y el catálogo no la define"
Polytech,Replicon 4Two,21631-225,anatomica,microtexturizada,POLYtxt,Replicon 4Two AR - Proyección alta,225,10.8,10.8,4.2,8.2,Diagon\Gel 4Two,"Polytech (Biocablan, feb. 2021, nº 1) — datos/fuentes/polytech-biocablan-2021.pdf",22,"Arco (D) de la línea 4Two: no es la misma medida que el resto de Polytech ni que Motiva o Silimed, y el catálogo no la define. Base redonda con proyección anatómica: altura = base, así que el filtro de altura la agrupa como alta"
Polytech,Replicon 4Two,21631-255,anatomica,microtexturizada,POLYtxt,Replicon 4Two AR - Proyección alta,255,11.2,11.2,4.4,8.5,Diagon\Gel 4Two,"Polytech (Biocablan, feb. 2021, nº 1) — datos/fuentes/polytech-biocablan-2021.pdf",22,"Arco (D) de la línea 4Two: no es la misma medida que el resto de Polytech ni que Motiva o Silimed, y el catálogo no la define. Base redonda con proyección anatómica: altura = base, así que el filtro de altura la agrupa como alta"
Polytech,Replicon 4Two,21632-305,anatomica,microtexturizada,POLYtxt,Replicon 4Two AR - Proyección extra alta,305,11.2,11.2,5.2,9.2,Diagon\Gel 4Two,"Polytech (Biocablan, feb. 2021, nº 1) — datos/fuentes/polytech-biocablan-2021.pdf",22,"Arco (D) de la línea 4Two: no es la misma medida que el resto de Polytech ni que Motiva o Silimed, y el catálogo no la define. Base redonda con proyección anatómica: altura = base, así que el filtro de altura la agrupa como alta"
Polytech,Replicon 4Two,21631-285,anatomica,microtexturizada,POLYtxt,Replicon 4Two AR - Proyección alta,285,11.6,11.6,4.6,8.9,Diagon\Gel 4Two,"Polytech (Biocablan, feb. 2021, nº 1) — datos/fuentes/polytech-biocablan-2021.pdf",22,"Arco (D) de la línea 4Two: no es la misma medida que el resto de Polytech ni que Motiva o Silimed, y el catálogo no la define. Base redonda con proyección anatómica: altura = base, así que el filtro de altura la agrupa como alta"
Polytech,Replicon 4Two,21632-335,anatomica,microtexturizada,POLYtxt,Replicon 4Two AR - Proyección extra alta,335,11.6,11.6,5.4,9.6,Diagon\Gel 4Two,"Polytech (Biocablan, feb. 2021, nº 1) — datos/fuentes/polytech-biocablan-2021.pdf",22,"Arco (D) de la línea 4Two: no es la misma medida que el resto de Polytech ni que Motiva o Silimed, y el catálogo no la define. Base redonda con proyección anatómica: altura = base, así que el filtro de altura la agrupa como alta"
Polytech,Replicon 4Two,21631-315,anatomica,microtexturizada,POLYtxt,Replicon 4Two AR - Proyección alta,315,12.0,12.0,4.8,9.2,Diagon\Gel 4Two,"Polytech (Biocablan, feb. 2021, nº 1) — datos/fuentes/polytech-biocablan-2021.pdf",22,"Arco (D) de la línea 4Two: no es la misma medida que el resto de Polytech ni que Motiva o Silimed, y el catálogo no la define. Base redonda con proyección anatómica: altura = base, así que el filtro de altura la agrupa como alta"
Polytech,Replicon 4Two,21632-365,anatomica,microtexturizada,POLYtxt,Replicon 4Two AR - Proyección extra alta,365,12.0,12.0,5.6,9.9,Diagon\Gel 4Two,"Polytech (Biocablan, feb. 2021, nº 1) — datos/fuentes/polytech-biocablan-2021.pdf",22,"Arco (D) de la línea 4Two: no es la misma medida que el resto de Polytech ni que Motiva o Silimed, y el catálogo no la define. Base redonda con proyección anatómica: altura = base, así que el filtro de altura la agrupa como alta"
Polytech,Replicon 4Two,21631-345,anatomica,microtexturizada,POLYtxt,Replicon 4Two AR - Proyección alta,345,12.4,12.4,5.0,9.6,Diagon\Gel 4Two,"Polytech (Biocablan, feb. 2021, nº 1) — datos/fuentes/polytech-biocablan-2021.pdf",22,"Arco (D) de la línea 4Two: no es la misma medida que el resto de Polytech ni que Motiva o Silimed, y el catálogo no la define. Base redonda con proyección anatómica: altura = base, así que el filtro de altura la agrupa como alta"
Polytech,Replicon 4Two,21632-390,anatomica,microtexturizada,POLYtxt,Replicon 4Two AR - Proyección extra alta,390,12.4,12.4,5.8,10.3,Diagon\Gel 4Two,"Polytech (Biocablan, feb. 2021, nº 1) — datos/fuentes/polytech-biocablan-2021.pdf",22,"Arco (D) de la línea 4Two: no es la misma medida que el resto de Polytech ni que Motiva o Silimed, y el catálogo no la define. Base redonda con proyección anatómica: altura = base, así que el filtro de altura la agrupa como alta"
Polytech,Replicon 4Two,21631-400,anatomica,microtexturizada,POLYtxt,Replicon 4Two AR - Proyección alta,400,12.8,12.8,5.2,9.9,Diagon\Gel 4Two,"Polytech (Biocablan, feb. 2021, nº 1) — datos/fuentes/polytech-biocablan-2021.pdf",22,"Arco (D) de la línea 4Two: no es la misma medida que el resto de Polytech ni que Motiva o Silimed, y el catálogo no la define. Base redonda con proyección anatómica: altura = base, así que el filtro de altura la agrupa como alta"
Polytech,Replicon 4Two,21631-440,anatomica,microtexturizada,POLYtxt,Replicon 4Two AR - Proyección alta,440,13.2,13.2,5.4,10.3,Diagon\Gel 4Two,"Polytech (Biocablan, feb. 2021, nº 1) — datos/fuentes/polytech-biocablan-2021.pdf",22,"Arco (D) de la línea 4Two: no es la misma medida que el resto de Polytech ni que Motiva o Silimed, y el catálogo no la define. Base redonda con proyección anatómica: altura = base, así que el filtro de altura la agrupa como alta"
Polytech,Replicon 4Two,21631-480,anatomica,microtexturizada,POLYtxt,Replicon 4Two AR - Proyección alta,480,13.6,13.6,5.6,10.6,Diagon\Gel 4Two,"Polytech (Biocablan, feb. 2021, nº 1) — datos/fuentes/polytech-biocablan-2021.pdf",22,"Arco (D) de la línea 4Two: no es la misma medida que el resto de Polytech ni que Motiva o Silimed, y el catálogo no la define. Base redonda con proyección anatómica: altura = base, así que el filtro de altura la agrupa como alta"
Polytech,Même SublimeLine,30724-055,redonda,poliuretano,Microthane,Même MLS- Microthane Proyección Baja,55,7.3,7.3,2.5,4.6,EasyFit Gel,"Polytech (Biocablan, feb. 2021, nº 1) — datos/fuentes/polytech-biocablan-2021.pdf",24,
Polytech,Même SublimeLine,30725-070,redonda,poliuretano,Microthane,Même MMS- Microthane Proyección Moderada,70,7.3,7.3,3.0,5.1,EasyFit Gel,"Polytech (Biocablan, feb. 2021, nº 1) — datos/fuentes/polytech-biocablan-2021.pdf",24,
Polytech,Même SublimeLine,30724-065,redonda,poliuretano,Microthane,Même MLS- Microthane Proyección Baja,65,7.8,7.8,2.6,4.9,EasyFit Gel,"Polytech (Biocablan, feb. 2021, nº 1) — datos/fuentes/polytech-biocablan-2021.pdf",24,
Polytech,Même SublimeLine,30725-090,redonda,poliuretano,Microthane,Même MMS- Microthane Proyección Moderada,90,7.8,7.8,3.2,5.4,EasyFit Gel,"Polytech (Biocablan, feb. 2021, nº 1) — datos/fuentes/polytech-biocablan-2021.pdf",24,
Polytech,Même SublimeLine,30724-085,redonda,poliuretano,Microthane,Même MLS- Microthane Proyección Baja,85,8.3,8.3,2.6,5.1,EasyFit Gel,"Polytech (Biocablan, feb. 2021, nº 1) — datos/fuentes/polytech-biocablan-2021.pdf",24,
Polytech,Même SublimeLine,30725-105,redonda,poliuretano,Microthane,Même MMS- Microthane Proyección Moderada,105,8.3,8.3,3.3,5.7,EasyFit Gel,"Polytech (Biocablan, feb. 2021, nº 1) — datos/fuentes/polytech-biocablan-2021.pdf",24,
Polytech,Même SublimeLine,30724-095,redonda,poliuretano,Microthane,Même MLS- Microthane Proyección Baja,95,8.8,8.8,2.7,5.4,EasyFit Gel,"Polytech (Biocablan, feb. 2021, nº 1) — datos/fuentes/polytech-biocablan-2021.pdf",24,
Polytech,Même SublimeLine,30725-120,redonda,poliuretano,Microthane,Même MMS- Microthane Proyección Moderada,120,8.8,8.8,3.4,6.0,EasyFit Gel,"Polytech (Biocablan, feb. 2021, nº 1) — datos/fuentes/polytech-biocablan-2021.pdf",24,
Polytech,Même SublimeLine,30724-110,redonda,poliuretano,Microthane,Même MLS- Microthane Proyección Baja,110,9.3,9.3,2.8,5.7,EasyFit Gel,"Polytech (Biocablan, feb. 2021, nº 1) — datos/fuentes/polytech-biocablan-2021.pdf",24,
Polytech,Même SublimeLine,30725-145,redonda,poliuretano,Microthane,Même MMS- Microthane Proyección Moderada,145,9.3,9.3,3.5,6.3,EasyFit Gel,"Polytech (Biocablan, feb. 2021, nº 1) — datos/fuentes/polytech-biocablan-2021.pdf",24,
Polytech,Même SublimeLine,30724-125,redonda,poliuretano,Microthane,Même MLS- Microthane Proyección Baja,125,9.8,9.8,2.9,6.0,EasyFit Gel,"Polytech (Biocablan, feb. 2021, nº 1) — datos/fuentes/polytech-biocablan-2021.pdf",24,
Polytech,Même SublimeLine,30725-165,redonda,poliuretano,Microthane,Même MMS- Microthane Proyección Moderada,165,9.8,9.8,3.7,6.6,EasyFit Gel,"Polytech (Biocablan, feb. 2021, nº 1) — datos/fuentes/polytech-biocablan-2021.pdf",24,
Polytech,Même SublimeLine,30724-150,redonda,poliuretano,Microthane,Même MLS- Microthane Proyección Baja,150,10.3,10.3,3.0,6.2,EasyFit Gel,"Polytech (Biocablan, feb. 2021, nº 1) — datos/fuentes/polytech-biocablan-2021.pdf",24,
Polytech,Même SublimeLine,30725-195,redonda,poliuretano,Microthane,Même MMS- Microthane Proyección Moderada,195,10.3,10.3,3.8,6.9,EasyFit Gel,"Polytech (Biocablan, feb. 2021, nº 1) — datos/fuentes/polytech-biocablan-2021.pdf",24,
Polytech,Même SublimeLine,30724-165,redonda,poliuretano,Microthane,Même MLS- Microthane Proyección Baja,165,10.8,10.8,3.1,6.5,EasyFit Gel,"Polytech (Biocablan, feb. 2021, nº 1) — datos/fuentes/polytech-biocablan-2021.pdf",24,
Polytech,Même SublimeLine,30725-220,redonda,poliuretano,Microthane,Même MMS- Microthane Proyección Moderada,220,10.8,10.8,3.9,7.2,EasyFit Gel,"Polytech (Biocablan, feb. 2021, nº 1) — datos/fuentes/polytech-biocablan-2021.pdf",24,
Polytech,Même SublimeLine,30724-185,redonda,poliuretano,Microthane,Même MLS- Microthane Proyección Baja,185,11.3,11.3,3.1,6.8,EasyFit Gel,"Polytech (Biocablan, feb. 2021, nº 1) — datos/fuentes/polytech-biocablan-2021.pdf",24,
Polytech,Même SublimeLine,30725-255,redonda,poliuretano,Microthane,Même MMS- Microthane Proyección Moderada,255,11.3,11.3,4.0,7.5,EasyFit Gel,"Polytech (Biocablan, feb. 2021, nº 1) — datos/fuentes/polytech-biocablan-2021.pdf",24,
Polytech,Même SublimeLine,30724-215,redonda,poliuretano,Microthane,Même MLS- Microthane Proyección Baja,215,11.8,11.8,3.2,7.1,EasyFit Gel,"Polytech (Biocablan, feb. 2021, nº 1) — datos/fuentes/polytech-biocablan-2021.pdf",24,
Polytech,Même SublimeLine,30725-285,redonda,poliuretano,Microthane,Même MMS- Microthane Proyección Moderada,285,11.8,11.8,4.2,7.8,EasyFit Gel,"Polytech (Biocablan, feb. 2021, nº 1) — datos/fuentes/polytech-biocablan-2021.pdf",24,
Polytech,Même SublimeLine,30725-300,redonda,poliuretano,Microthane,Même MMS- Microthane Proyección Moderada,300,12.05,12.05,4.2,7.9,EasyFit Gel,"Polytech (Biocablan, feb. 2021, nº 1) — datos/fuentes/polytech-biocablan-2021.pdf",24,
Polytech,Même SublimeLine,30724-235,redonda,poliuretano,Microthane,Même MLS- Microthane Proyección Baja,235,12.3,12.3,3.3,7.3,EasyFit Gel,"Polytech (Biocablan, feb. 2021, nº 1) — datos/fuentes/polytech-biocablan-2021.pdf",24,
Polytech,Même SublimeLine,30725-320,redonda,poliuretano,Microthane,Même MMS- Microthane Proyección Moderada,320,12.3,12.3,4.3,8.1,EasyFit Gel,"Polytech (Biocablan, feb. 2021, nº 1) — datos/fuentes/polytech-biocablan-2021.pdf",24,
Polytech,Même SublimeLine,30724-270,redonda,poliuretano,Microthane,Même MLS- Microthane Proyección Baja,270,12.8,12.8,3.4,7.6,EasyFit Gel,"Polytech (Biocablan, feb. 2021, nº 1) — datos/fuentes/polytech-biocablan-2021.pdf",24,
Polytech,Même SublimeLine,30725-360,redonda,poliuretano,Microthane,Même MMS- Microthane Proyección Moderada,360,12.8,12.8,4.5,8.4,EasyFit Gel,"Polytech (Biocablan, feb. 2021, nº 1) — datos/fuentes/polytech-biocablan-2021.pdf",24,
Polytech,Même SublimeLine,30724-295,redonda,poliuretano,Microthane,Même MLS- Microthane Proyección Baja,295,13.3,13.3,3.5,7.9,EasyFit Gel,"Polytech (Biocablan, feb. 2021, nº 1) — datos/fuentes/polytech-biocablan-2021.pdf",24,
Polytech,Même SublimeLine,30725-400,redonda,poliuretano,Microthane,Même MMS- Microthane Proyección Moderada,400,13.3,13.3,4.6,8.7,EasyFit Gel,"Polytech (Biocablan, feb. 2021, nº 1) — datos/fuentes/polytech-biocablan-2021.pdf",24,
Polytech,Même SublimeLine,30724-330,redonda,poliuretano,Microthane,Même MLS- Microthane Proyección Baja,330,13.8,13.8,3.6,8.2,EasyFit Gel,"Polytech (Biocablan, feb. 2021, nº 1) — datos/fuentes/polytech-biocablan-2021.pdf",24,
Polytech,Même SublimeLine,30725-445,redonda,poliuretano,Microthane,Même MMS- Microthane Proyección Moderada,445,13.8,13.8,4.7,9.0,EasyFit Gel,"Polytech (Biocablan, feb. 2021, nº 1) — datos/fuentes/polytech-biocablan-2021.pdf",24,
Polytech,Même SublimeLine,30724-365,redonda,poliuretano,Microthane,Même MLS- Microthane Proyección Baja,365,14.3,14.3,3.7,8.5,EasyFit Gel,"Polytech (Biocablan, feb. 2021, nº 1) — datos/fuentes/polytech-biocablan-2021.pdf",24,
Polytech,Même SublimeLine,30725-495,redonda,poliuretano,Microthane,Même MMS- Microthane Proyección Moderada,495,14.3,14.3,4.9,9.3,EasyFit Gel,"Polytech (Biocablan, feb. 2021, nº 1) — datos/fuentes/polytech-biocablan-2021.pdf",24,
Polytech,Même SublimeLine,30724-400,redonda,poliuretano,Microthane,Même MLS- Microthane Proyección Baja,400,14.8,14.8,3.7,8.7,EasyFit Gel,"Polytech (Biocablan, feb. 2021, nº 1) — datos/fuentes/polytech-biocablan-2021.pdf",24,
Polytech,Même SublimeLine,30725-545,redonda,poliuretano,Microthane,Même MMS- Microthane Proyección Moderada,545,14.8,14.8,5.0,9.6,EasyFit Gel,"Polytech (Biocablan, feb. 2021, nº 1) — datos/fuentes/polytech-biocablan-2021.pdf",24,
Polytech,Même SublimeLine,30724-440,redonda,poliuretano,Microthane,Même MLS- Microthane Proyección Baja,440,15.3,15.3,3.8,9.0,EasyFit Gel,"Polytech (Biocablan, feb. 2021, nº 1) — datos/fuentes/polytech-biocablan-2021.pdf",24,
Polytech,Même SublimeLine,30725-600,redonda,poliuretano,Microthane,Même MMS- Microthane Proyección Moderada,600,15.3,15.3,5.1,9.9,EasyFit Gel,"Polytech (Biocablan, feb. 2021, nº 1) — datos/fuentes/polytech-biocablan-2021.pdf",24,
Polytech,Même SublimeLine,30724-485,redonda,poliuretano,Microthane,Même MLS- Microthane Proyección Baja,485,15.8,15.8,3.9,9.3,EasyFit Gel,"Polytech (Biocablan, feb. 2021, nº 1) — datos/fuentes/polytech-biocablan-2021.pdf",24,
Polytech,Même SublimeLine,30725-660,redonda,poliuretano,Microthane,Même MMS- Microthane Proyección Moderada,660,15.8,15.8,5.3,10.2,EasyFit Gel,"Polytech (Biocablan, feb. 2021, nº 1) — datos/fuentes/polytech-biocablan-2021.pdf",24,
Polytech,Même SublimeLine,30726-090,redonda,poliuretano,Microthane,Même MHS- Microthane Proyección Alta,90,7.3,7.3,3.6,5.5,EasyFit Gel,"Polytech (Biocablan, feb. 2021, nº 1) — datos/fuentes/polytech-biocablan-2021.pdf",25,
Polytech,Même SublimeLine,30727-105,redonda,poliuretano,Microthane,Même MxS- Microthane Proyección Extra Alta,105,7.3,7.3,4.0,5.9,EasyFit Gel,"Polytech (Biocablan, feb. 2021, nº 1) — datos/fuentes/polytech-biocablan-2021.pdf",25,
Polytech,Même SublimeLine,30726-110,redonda,poliuretano,Microthane,Même MHS- Microthane Proyección Alta,110,7.8,7.8,3.8,5.8,EasyFit Gel,"Polytech (Biocablan, feb. 2021, nº 1) — datos/fuentes/polytech-biocablan-2021.pdf",25,
Polytech,Même SublimeLine,30727-125,redonda,poliuretano,Microthane,Même MxS- Microthane Proyección Extra Alta,125,7.8,7.8,4.3,6.3,EasyFit Gel,"Polytech (Biocablan, feb. 2021, nº 1) — datos/fuentes/polytech-biocablan-2021.pdf",25,
Polytech,Même SublimeLine,30726-125,redonda,poliuretano,Microthane,Même MHS- Microthane Proyección Alta,125,8.3,8.3,3.9,6.2,EasyFit Gel,"Polytech (Biocablan, feb. 2021, nº 1) — datos/fuentes/polytech-biocablan-2021.pdf",25,
Polytech,Même SublimeLine,30727-155,redonda,poliuretano,Microthane,Même MxS- Microthane Proyección Extra Alta,155,8.3,8.3,4.5,6.6,EasyFit Gel,"Polytech (Biocablan, feb. 2021, nº 1) — datos/fuentes/polytech-biocablan-2021.pdf",25,
Polytech,Même SublimeLine,30725-155,redonda,poliuretano,Microthane,Même MHS- Microthane Proyección Alta,155,8.8,8.8,4.1,6.5,EasyFit Gel,"Polytech (Biocablan, feb. 2021, nº 1) — datos/fuentes/polytech-biocablan-2021.pdf",25,
Polytech,Même SublimeLine,30727-180,redonda,poliuretano,Microthane,Même MxS- Microthane Proyección Extra Alta,180,8.8,8.8,4.7,7.0,EasyFit Gel,"Polytech (Biocablan, feb. 2021, nº 1) — datos/fuentes/polytech-biocablan-2021.pdf",25,
Polytech,Même SublimeLine,30726-180,redonda,poliuretano,Microthane,Même MHS- Microthane Proyección Alta,180,9.3,9.3,4.2,6.8,EasyFit Gel,"Polytech (Biocablan, feb. 2021, nº 1) — datos/fuentes/polytech-biocablan-2021.pdf",25,
Polytech,Même SublimeLine,30727-215,redonda,poliuretano,Microthane,Même MxS- Microthane Proyección Extra Alta,215,9.3,9.3,4.9,7.3,EasyFit Gel,"Polytech (Biocablan, feb. 2021, nº 1) — datos/fuentes/polytech-biocablan-2021.pdf",25,
Polytech,Même SublimeLine,30726-210,redonda,poliuretano,Microthane,Même MHS- Microthane Proyección Alta,210,9.8,9.8,4.4,7.1,EasyFit Gel,"Polytech (Biocablan, feb. 2021, nº 1) — datos/fuentes/polytech-biocablan-2021.pdf",25,
Polytech,Même SublimeLine,30727-250,redonda,poliuretano,Microthane,Même MxS- Microthane Proyección Extra Alta,250,9.8,9.8,5.1,7.7,EasyFit Gel,"Polytech (Biocablan, feb. 2021, nº 1) — datos/fuentes/polytech-biocablan-2021.pdf",25,
Polytech,Même SublimeLine,30726-235,redonda,poliuretano,Microthane,Même MHS- Microthane Proyección Alta,235,10.3,10.3,4.6,7.5,EasyFit Gel,"Polytech (Biocablan, feb. 2021, nº 1) — datos/fuentes/polytech-biocablan-2021.pdf",25,
Polytech,Même SublimeLine,30727-285,redonda,poliuretano,Microthane,Même MxS- Microthane Proyección Extra Alta,285,10.3,10.3,5.3,8.1,EasyFit Gel,"Polytech (Biocablan, feb. 2021, nº 1) — datos/fuentes/polytech-biocablan-2021.pdf",25,
Polytech,Même SublimeLine,30726-255,redonda,poliuretano,Microthane,Même MHS- Microthane Proyección Alta,255,10.6,10.6,4.6,7.9,EasyFit Gel,"Polytech (Biocablan, feb. 2021, nº 1) — datos/fuentes/polytech-biocablan-2021.pdf",25,
Polytech,Même SublimeLine,30727-305,redonda,poliuretano,Microthane,Même MxS- Microthane Proyección Extra Alta,305,10.6,10.6,5.4,8.2,EasyFit Gel,"Polytech (Biocablan, feb. 2021, nº 1) — datos/fuentes/polytech-biocablan-2021.pdf",25,
Polytech,Même SublimeLine,30726-275,redonda,poliuretano,Microthane,Même MHS- Microthane Proyección Alta,275,10.8,10.8,4.7,7.8,EasyFit Gel,"Polytech (Biocablan, feb. 2021, nº 1) — datos/fuentes/polytech-biocablan-2021.pdf",25,
Polytech,Même SublimeLine,30727-330,redonda,poliuretano,Microthane,Même MxS- Microthane Proyección Extra Alta,330,10.8,10.8,5.5,8.4,EasyFit Gel,"Polytech (Biocablan, feb. 2021, nº 1) — datos/fuentes/polytech-biocablan-2021.pdf",25,
Polytech,Même SublimeLine,30726-295,redonda,poliuretano,Microthane,Même MHS- Microthane Proyección Alta,295,11.1,11.1,4.9,7.9,EasyFit Gel,"Polytech (Biocablan, feb. 2021, nº 1) — datos/fuentes/polytech-biocablan-2021.pdf",25,
Polytech,Même SublimeLine,30726-315,redonda,poliuretano,Microthane,Même MHS- Microthane Proyección Alta,315,11.3,11.3,4.9,8.1,EasyFit Gel,"Polytech (Biocablan, feb. 2021, nº 1) — datos/fuentes/polytech-biocablan-2021.pdf",25,
Polytech,Même SublimeLine,30727-380,redonda,poliuretano,Microthane,Même MxS- Microthane Proyección Extra Alta,380,11.3,11.3,5.7,8.8,EasyFit Gel,"Polytech (Biocablan, feb. 2021, nº 1) — datos/fuentes/polytech-biocablan-2021.pdf",25,
Polytech,Même SublimeLine,30726-335,redonda,poliuretano,Microthane,Même MHS- Microthane Proyección Alta,335,11.6,11.6,5.0,8.3,EasyFit Gel,"Polytech (Biocablan, feb. 2021, nº 1) — datos/fuentes/polytech-biocablan-2021.pdf",25,
Polytech,Même SublimeLine,30726-360,redonda,poliuretano,Microthane,Même MHS- Microthane Proyección Alta,360,11.8,11.8,5.1,8.4,EasyFit Gel,"Polytech (Biocablan, feb. 2021, nº 1) — datos/fuentes/polytech-biocablan-2021.pdf",25,
Polytech,Même SublimeLine,30727-430,redonda,poliuretano,Microthane,Même MxS- Microthane Proyección Extra Alta,430,11.8,11.8,5.9,9.1,EasyFit Gel,"Polytech (Biocablan, feb. 2021, nº 1) — datos/fuentes/polytech-biocablan-2021.pdf",25,
Polytech,Même SublimeLine,30726-400,redonda,poliuretano,Microthane,Même MHS- Microthane Proyección Alta,400,12.3,12.3,5.3,8.7,EasyFit Gel,"Polytech (Biocablan, feb. 2021, nº 1) — datos/fuentes/polytech-biocablan-2021.pdf",25,
Polytech,Même SublimeLine,30727-485,redonda,poliuretano,Microthane,Même MxS- Microthane Proyección Extra Alta,485,12.3,12.3,6.1,9.5,EasyFit Gel,"Polytech (Biocablan, feb. 2021, nº 1) — datos/fuentes/polytech-biocablan-2021.pdf",25,
Polytech,Même SublimeLine,30726-450,redonda,poliuretano,Microthane,Même MHS- Microthane Proyección Alta,450,12.8,12.8,5.5,9.1,EasyFit Gel,"Polytech (Biocablan, feb. 2021, nº 1) — datos/fuentes/polytech-biocablan-2021.pdf",25,
Polytech,Même SublimeLine,30727-545,redonda,poliuretano,Microthane,Même MxS- Microthane Proyección Extra Alta,545,12.8,12.8,6.3,9.8,EasyFit Gel,"Polytech (Biocablan, feb. 2021, nº 1) — datos/fuentes/polytech-biocablan-2021.pdf",25,
Polytech,Même SublimeLine,30726-505,redonda,poliuretano,Microthane,Même MHS- Microthane Proyección Alta,505,13.3,13.3,5.7,9.4,EasyFit Gel,"Polytech (Biocablan, feb. 2021, nº 1) — datos/fuentes/polytech-biocablan-2021.pdf",25,
Polytech,Même SublimeLine,30727-610,redonda,poliuretano,Microthane,Même MxS- Microthane Proyección Extra Alta,610,13.3,13.3,6.5,10.2,EasyFit Gel,"Polytech (Biocablan, feb. 2021, nº 1) — datos/fuentes/polytech-biocablan-2021.pdf",25,
Polytech,Même SublimeLine,30726-560,redonda,poliuretano,Microthane,Même MHS- Microthane Proyección Alta,560,13.8,13.8,5.9,9.7,EasyFit Gel,"Polytech (Biocablan, feb. 2021, nº 1) — datos/fuentes/polytech-biocablan-2021.pdf",25,
Polytech,Même SublimeLine,30727-675,redonda,poliuretano,Microthane,Même MxS- Microthane Proyección Extra Alta,675,13.8,13.8,6.7,10.5,EasyFit Gel,"Polytech (Biocablan, feb. 2021, nº 1) — datos/fuentes/polytech-biocablan-2021.pdf",25,
Polytech,Même SublimeLine,30726-620,redonda,poliuretano,Microthane,Même MHS- Microthane Proyección Alta,620,14.3,14.3,6.1,10.0,EasyFit Gel,"Polytech (Biocablan, feb. 2021, nº 1) — datos/fuentes/polytech-biocablan-2021.pdf",25,
Polytech,Même SublimeLine,30727-755,redonda,poliuretano,Microthane,Même MxS- Microthane Proyección Extra Alta,755,14.3,14.3,6.9,10.9,EasyFit Gel,"Polytech (Biocablan, feb. 2021, nº 1) — datos/fuentes/polytech-biocablan-2021.pdf",25,
Polytech,Même SublimeLine,30726-690,redonda,poliuretano,Microthane,Même MHS- Microthane Proyección Alta,690,14.8,14.8,6.3,10.4,EasyFit Gel,"Polytech (Biocablan, feb. 2021, nº 1) — datos/fuentes/polytech-biocablan-2021.pdf",25,
Polytech,Même SublimeLine,30727-830,redonda,poliuretano,Microthane,Même MxS- Microthane Proyección Extra Alta,830,14.8,14.8,7.1,11.2,EasyFit Gel,"Polytech (Biocablan, feb. 2021, nº 1) — datos/fuentes/polytech-biocablan-2021.pdf",25,
Polytech,Même SublimeLine,30726-760,redonda,poliuretano,Microthane,Même MHS- Microthane Proyección Alta,760,15.3,15.3,6.4,10.7,EasyFit Gel,"Polytech (Biocablan, feb. 2021, nº 1) — datos/fuentes/polytech-biocablan-2021.pdf",25,
Polytech,Même SublimeLine,30727-920,redonda,poliuretano,Microthane,Même MxS- Microthane Proyección Extra Alta,920,15.3,15.3,7.3,11.6,EasyFit Gel,"Polytech (Biocablan, feb. 2021, nº 1) — datos/fuentes/polytech-biocablan-2021.pdf",25,
Polytech,Même SublimeLine,30726-835,redonda,poliuretano,Microthane,Même MHS- Microthane Proyección Alta,835,15.8,15.8,6.6,11.0,EasyFit Gel,"Polytech (Biocablan, feb. 2021, nº 1) — datos/fuentes/polytech-biocablan-2021.pdf",25,
Polytech,Opticon SublimeLine,30745-125,anatomica,poliuretano,Microthane,Opticon SL MP - Microthane Proyección Moderada,125,9.8,8.3,3.7,4.9,EasyFit Gel,"Polytech (Biocablan, feb. 2021, nº 1) — datos/fuentes/polytech-biocablan-2021.pdf",26,
Polytech,Opticon SublimeLine,30745-145,anatomica,poliuretano,Microthane,Opticon SL MP - Microthane Proyección Moderada,145,10.3,8.7,3.8,5.1,EasyFit Gel,"Polytech (Biocablan, feb. 2021, nº 1) — datos/fuentes/polytech-biocablan-2021.pdf",26,
Polytech,Opticon SublimeLine,30744-120,anatomica,poliuretano,Microthane,Opticon SL LP - Microthane Proyección baja,120,10.8,9.1,3.1,4.4,EasyFit Gel,"Polytech (Biocablan, feb. 2021, nº 1) — datos/fuentes/polytech-biocablan-2021.pdf",26,
Polytech,Opticon SublimeLine,30745-165,anatomica,poliuretano,Microthane,Opticon SL MP - Microthane Proyección Moderada,165,10.8,9.1,3.9,5.3,EasyFit Gel,"Polytech (Biocablan, feb. 2021, nº 1) — datos/fuentes/polytech-biocablan-2021.pdf",26,
Polytech,Opticon SublimeLine,30744-140,anatomica,poliuretano,Microthane,Opticon SL LP - Microthane Proyección baja,140,11.3,9.5,3.1,4.6,EasyFit Gel,"Polytech (Biocablan, feb. 2021, nº 1) — datos/fuentes/polytech-biocablan-2021.pdf",26,
Polytech,Opticon SublimeLine,30745-185,anatomica,poliuretano,Microthane,Opticon SL MP - Microthane Proyección Moderada,185,11.3,9.5,4.0,5.5,EasyFit Gel,"Polytech (Biocablan, feb. 2021, nº 1) — datos/fuentes/polytech-biocablan-2021.pdf",26,
Polytech,Opticon SublimeLine,30744-160,anatomica,poliuretano,Microthane,Opticon SL LP - Microthane Proyección baja,160,11.8,10.0,3.2,4.8,EasyFit Gel,"Polytech (Biocablan, feb. 2021, nº 1) — datos/fuentes/polytech-biocablan-2021.pdf",26,
Polytech,Opticon SublimeLine,30745-210,anatomica,poliuretano,Microthane,Opticon SL MP - Microthane Proyección Moderada,210,11.8,10.0,4.2,5.7,EasyFit Gel,"Polytech (Biocablan, feb. 2021, nº 1) — datos/fuentes/polytech-biocablan-2021.pdf",26,
Polytech,Opticon SublimeLine,30744-175,anatomica,poliuretano,Microthane,Opticon SL LP - Microthane Proyección baja,175,12.3,10.4,3.3,4.9,EasyFit Gel,"Polytech (Biocablan, feb. 2021, nº 1) — datos/fuentes/polytech-biocablan-2021.pdf",26,
Polytech,Opticon SublimeLine,30745-235,anatomica,poliuretano,Microthane,Opticon SL MP - Microthane Proyección Moderada,235,12.3,10.4,4.3,5.9,EasyFit Gel,"Polytech (Biocablan, feb. 2021, nº 1) — datos/fuentes/polytech-biocablan-2021.pdf",26,
Polytech,Opticon SublimeLine,30744-200,anatomica,poliuretano,Microthane,Opticon SL LP - Microthane Proyección baja,200,12.8,10.8,3.4,5.1,EasyFit Gel,"Polytech (Biocablan, feb. 2021, nº 1) — datos/fuentes/polytech-biocablan-2021.pdf",26,
Polytech,Opticon SublimeLine,30745-265,anatomica,poliuretano,Microthane,Opticon SL MP - Microthane Proyección Moderada,265,12.8,10.8,4.5,6.1,EasyFit Gel,"Polytech (Biocablan, feb. 2021, nº 1) — datos/fuentes/polytech-biocablan-2021.pdf",26,
Polytech,Opticon SublimeLine,30744-220,anatomica,poliuretano,Microthane,Opticon SL LP - Microthane Proyección baja,220,13.3,11.2,3.5,5.3,EasyFit Gel,"Polytech (Biocablan, feb. 2021, nº 1) — datos/fuentes/polytech-biocablan-2021.pdf",26,
Polytech,Opticon SublimeLine,30745-295,anatomica,poliuretano,Microthane,Opticon SL MP - Microthane Proyección Moderada,295,13.3,11.2,4.6,6.3,EasyFit Gel,"Polytech (Biocablan, feb. 2021, nº 1) — datos/fuentes/polytech-biocablan-2021.pdf",26,
Polytech,Opticon SublimeLine,30744-240,anatomica,poliuretano,Microthane,Opticon SL LP - Microthane Proyección baja,240,13.8,11.6,3.6,5.5,EasyFit Gel,"Polytech (Biocablan, feb. 2021, nº 1) — datos/fuentes/polytech-biocablan-2021.pdf",26,
Polytech,Opticon SublimeLine,30745-330,anatomica,poliuretano,Microthane,Opticon SL MP - Microthane Proyección Moderada,330,13.8,11.6,4.7,6.5,EasyFit Gel,"Polytech (Biocablan, feb. 2021, nº 1) — datos/fuentes/polytech-biocablan-2021.pdf",26,
Polytech,Opticon SublimeLine,30744-270,anatomica,poliuretano,Microthane,Opticon SL LP - Microthane Proyección baja,270,14.3,12.1,3.7,5.6,EasyFit Gel,"Polytech (Biocablan, feb. 2021, nº 1) — datos/fuentes/polytech-biocablan-2021.pdf",26,
Polytech,Opticon SublimeLine,30745-365,anatomica,poliuretano,Microthane,Opticon SL MP - Microthane Proyección Moderada,365,14.3,12.1,4.9,6.7,EasyFit Gel,"Polytech (Biocablan, feb. 2021, nº 1) — datos/fuentes/polytech-biocablan-2021.pdf",26,
Polytech,Opticon SublimeLine,30744-295,anatomica,poliuretano,Microthane,Opticon SL LP - Microthane Proyección baja,295,14.8,12.5,3.7,5.8,EasyFit Gel,"Polytech (Biocablan, feb. 2021, nº 1) — datos/fuentes/polytech-biocablan-2021.pdf",26,
Polytech,Opticon SublimeLine,30745-400,anatomica,poliuretano,Microthane,Opticon SL MP - Microthane Proyección Moderada,400,14.8,12.5,5.0,6.9,EasyFit Gel,"Polytech (Biocablan, feb. 2021, nº 1) — datos/fuentes/polytech-biocablan-2021.pdf",26,
Polytech,Opticon SublimeLine,30745-445,anatomica,poliuretano,Microthane,Opticon SL MP - Microthane Proyección Moderada,445,15.3,12.9,5.1,7.1,EasyFit Gel,"Polytech (Biocablan, feb. 2021, nº 1) — datos/fuentes/polytech-biocablan-2021.pdf",26,
Polytech,Opticon SublimeLine,30745-490,anatomica,poliuretano,Microthane,Opticon SL MP - Microthane Proyección Moderada,490,15.8,13.3,5.3,7.3,EasyFit Gel,"Polytech (Biocablan, feb. 2021, nº 1) — datos/fuentes/polytech-biocablan-2021.pdf",26,
Polytech,Replicon SublimeLine,30735-110,anatomica,poliuretano,Microthane,Replicon SL MP - Microthane Proyección Moderada,110,8.8,8.8,3.4,4.8,EasyFit Gel,"Polytech (Biocablan, feb. 2021, nº 1) — datos/fuentes/polytech-biocablan-2021.pdf",26,"Base redonda con proyección anatómica: altura = base, así que el filtro de altura la agrupa como alta"
Polytech,Replicon SublimeLine,30735-125,anatomica,poliuretano,Microthane,Replicon SL MP - Microthane Proyección Moderada,125,9.3,9.3,3.5,5.0,EasyFit Gel,"Polytech (Biocablan, feb. 2021, nº 1) — datos/fuentes/polytech-biocablan-2021.pdf",26,"Base redonda con proyección anatómica: altura = base, así que el filtro de altura la agrupa como alta"
Polytech,Replicon SublimeLine,30735-150,anatomica,poliuretano,Microthane,Replicon SL MP - Microthane Proyección Moderada,150,9.8,9.8,3.7,5.2,EasyFit Gel,"Polytech (Biocablan, feb. 2021, nº 1) — datos/fuentes/polytech-biocablan-2021.pdf",26,"Base redonda con proyección anatómica: altura = base, así que el filtro de altura la agrupa como alta"
Polytech,Replicon SublimeLine,30735-170,anatomica,poliuretano,Microthane,Replicon SL MP - Microthane Proyección Moderada,170,10.3,10.3,3.8,5.4,EasyFit Gel,"Polytech (Biocablan, feb. 2021, nº 1) — datos/fuentes/polytech-biocablan-2021.pdf",26,"Base redonda con proyección anatómica: altura = base, así que el filtro de altura la agrupa como alta"
Polytech,Replicon SublimeLine,30735-195,anatomica,poliuretano,Microthane,Replicon SL MP - Microthane Proyección Moderada,195,10.8,10.8,3.9,5.6,EasyFit Gel,"Polytech (Biocablan, feb. 2021, nº 1) — datos/fuentes/polytech-biocablan-2021.pdf",26,"Base redonda con proyección anatómica: altura = base, así que el filtro de altura la agrupa como alta"
Polytech,Replicon SublimeLine,30734-165,anatomica,poliuretano,Microthane,Replicon SL LP - Microthane Proyección baja,165,11.3,11.3,3.1,5.0,EasyFit Gel,"Polytech (Biocablan, feb. 2021, nº 1) — datos/fuentes/polytech-biocablan-2021.pdf",26,"Base redonda con proyección anatómica: altura = base, así que el filtro de altura la agrupa como alta"
Polytech,Replicon SublimeLine,30735-220,anatomica,poliuretano,Microthane,Replicon SL MP - Microthane Proyección Moderada,220,11.3,11.3,4.0,5.9,EasyFit Gel,"Polytech (Biocablan, feb. 2021, nº 1) — datos/fuentes/polytech-biocablan-2021.pdf",26,"Base redonda con proyección anatómica: altura = base, así que el filtro de altura la agrupa como alta"
Polytech,Replicon SublimeLine,30734-185,anatomica,poliuretano,Microthane,Replicon SL LP - Microthane Proyección baja,185,11.8,11.8,3.2,5.2,EasyFit Gel,"Polytech (Biocablan, feb. 2021, nº 1) — datos/fuentes/polytech-biocablan-2021.pdf",26,"Base redonda con proyección anatómica: altura = base, así que el filtro de altura la agrupa como alta"
Polytech,Replicon SublimeLine,30735-255,anatomica,poliuretano,Microthane,Replicon SL MP - Microthane Proyección Moderada,255,11.8,11.8,4.2,6.1,EasyFit Gel,"Polytech (Biocablan, feb. 2021, nº 1) — datos/fuentes/polytech-biocablan-2021.pdf",26,"Base redonda con proyección anatómica: altura = base, así que el filtro de altura la agrupa como alta"
Polytech,Replicon SublimeLine,30734-210,anatomica,poliuretano,Microthane,Replicon SL LP - Microthane Proyección baja,210,12.3,12.3,3.3,5.4,EasyFit Gel,"Polytech (Biocablan, feb. 2021, nº 1) — datos/fuentes/polytech-biocablan-2021.pdf",26,"Base redonda con proyección anatómica: altura = base, así que el filtro de altura la agrupa como alta"
Polytech,Replicon SublimeLine,30735-280,anatomica,poliuretano,Microthane,Replicon SL MP - Microthane Proyección Moderada,280,12.3,12.3,4.3,6.3,EasyFit Gel,"Polytech (Biocablan, feb. 2021, nº 1) — datos/fuentes/polytech-biocablan-2021.pdf",26,"Base redonda con proyección anatómica: altura = base, así que el filtro de altura la agrupa como alta"
Polytech,Replicon SublimeLine,30734-235,anatomica,poliuretano,Microthane,Replicon SL LP - Microthane Proyección baja,235,12.8,12.8,3.4,5.6,EasyFit Gel,"Polytech (Biocablan, feb. 2021, nº 1) — datos/fuentes/polytech-biocablan-2021.pdf",26,"Base redonda con proyección anatómica: altura = base, así que el filtro de altura la agrupa como alta"
Polytech,Replicon SublimeLine,30735-320,anatomica,poliuretano,Microthane,Replicon SL MP - Microthane Proyección Moderada,320,12.8,12.8,4.5,6.5,EasyFit Gel,"Polytech (Biocablan, feb. 2021, nº 1) — datos/fuentes/polytech-biocablan-2021.pdf",26,"Base redonda con proyección anatómica: altura = base, así que el filtro de altura la agrupa como alta"
Polytech,Replicon SublimeLine,30734-265,anatomica,poliuretano,Microthane,Replicon SL LP - Microthane Proyección baja,265,13.3,13.3,3.5,5.8,EasyFit Gel,"Polytech (Biocablan, feb. 2021, nº 1) — datos/fuentes/polytech-biocablan-2021.pdf",26,"Base redonda con proyección anatómica: altura = base, así que el filtro de altura la agrupa como alta"
Polytech,Replicon SublimeLine,30735-350,anatomica,poliuretano,Microthane,Replicon SL MP - Microthane Proyección Moderada,350,13.3,13.3,4.6,6.7,EasyFit Gel,"Polytech (Biocablan, feb. 2021, nº 1) — datos/fuentes/polytech-biocablan-2021.pdf",26,"Base redonda con proyección anatómica: altura = base, así que el filtro de altura la agrupa como alta"
Polytech,Replicon SublimeLine,30734-290,anatomica,poliuretano,Microthane,Replicon SL LP - Microthane Proyección baja,290,13.8,13.8,3.6,5.9,EasyFit Gel,"Polytech (Biocablan, feb. 2021, nº 1) — datos/fuentes/polytech-biocablan-2021.pdf",26,"Base redonda con proyección anatómica: altura = base, así que el filtro de altura la agrupa como alta"
Polytech,Replicon SublimeLine,30735-390,anatomica,poliuretano,Microthane,Replicon SL MP - Microthane Proyección Moderada,390,13.8,13.8,4.7,7.0,EasyFit Gel,"Polytech (Biocablan, feb. 2021, nº 1) — datos/fuentes/polytech-biocablan-2021.pdf",26,"Base redonda con proyección anatómica: altura = base, así que el filtro de altura la agrupa como alta"
Polytech,Replicon SublimeLine,30734-320,anatomica,poliuretano,Microthane,Replicon SL LP - Microthane Proyección baja,320,14.3,14.3,3.7,6.1,EasyFit Gel,"Polytech (Biocablan, feb. 2021, nº 1) — datos/fuentes/polytech-biocablan-2021.pdf",26,"Base redonda con proyección anatómica: altura = base, así que el filtro de altura la agrupa como alta"
Polytech,Replicon SublimeLine,30735-435,anatomica,poliuretano,Microthane,Replicon SL MP - Microthane Proyección Moderada,435,14.3,14.3,4.9,7.2,EasyFit Gel,"Polytech (Biocablan, feb. 2021, nº 1) — datos/fuentes/polytech-biocablan-2021.pdf",26,"Base redonda con proyección anatómica: altura = base, así que el filtro de altura la agrupa como alta"
Polytech,Replicon SublimeLine,30735-480,anatomica,poliuretano,Microthane,Replicon SL MP - Microthane Proyección Moderada,480,14.8,14.8,5.0,7.4,EasyFit Gel,"Polytech (Biocablan, feb. 2021, nº 1) — datos/fuentes/polytech-biocablan-2021.pdf",26,"Base redonda con proyección anatómica: altura = base, así que el filtro de altura la agrupa como alta"
Polytech,Replicon SublimeLine,30735-530,anatomica,poliuretano,Microthane,Replicon SL MP - Microthane Proyección Moderada,530,15.3,15.3,5.1,7.6,EasyFit Gel,"Polytech (Biocablan, feb. 2021, nº 1) — datos/fuentes/polytech-biocablan-2021.pdf",26,"Base redonda con proyección anatómica: altura = base, así que el filtro de altura la agrupa como alta"
Polytech,Replicon SublimeLine,30735-580,anatomica,poliuretano,Microthane,Replicon SL MP - Microthane Proyección Moderada,580,15.8,15.8,5.3,7.8,EasyFit Gel,"Polytech (Biocablan, feb. 2021, nº 1) — datos/fuentes/polytech-biocablan-2021.pdf",26,"Base redonda con proyección anatómica: altura = base, así que el filtro de altura la agrupa como alta"
Polytech,Optimam SublimeLine,30774-100,anatomica,poliuretano,Microthane,Optimam SL LP - Microthane Proyección baja,100,8.8,10.2,2.7,4.3,EasyFit Gel,"Polytech (Biocablan, feb. 2021, nº 1) — datos/fuentes/polytech-biocablan-2021.pdf",26,
Polytech,Optimam SublimeLine,30774-110,anatomica,poliuretano,Microthane,Optimam SL LP - Microthane Proyección baja,110,9.3,10.7,2.8,4.5,EasyFit Gel,"Polytech (Biocablan, feb. 2021, nº 1) — datos/fuentes/polytech-biocablan-2021.pdf",26,
Polytech,Optimam SublimeLine,30774-130,anatomica,poliuretano,Microthane,Optimam SL LP - Microthane Proyección baja,130,9.8,11.3,2.9,4.7,EasyFit Gel,"Polytech (Biocablan, feb. 2021, nº 1) — datos/fuentes/polytech-biocablan-2021.pdf",26,
Polytech,Optimam SublimeLine,30775-170,anatomica,poliuretano,Microthane,Optimam SL MP - Microthane Proyección Moderada,170,9.8,11.3,3.7,5.5,EasyFit Gel,"Polytech (Biocablan, feb. 2021, nº 1) — datos/fuentes/polytech-biocablan-2021.pdf",26,
Polytech,Optimam SublimeLine,30774-150,anatomica,poliuretano,Microthane,Optimam SL LP - Microthane Proyección baja,150,10.3,11.9,3.0,4.9,EasyFit Gel,"Polytech (Biocablan, feb. 2021, nº 1) — datos/fuentes/polytech-biocablan-2021.pdf",26,
Polytech,Optimam SublimeLine,30775-200,anatomica,poliuretano,Microthane,Optimam SL MP - Microthane Proyección Moderada,200,10.3,11.9,3.8,5.7,EasyFit Gel,"Polytech (Biocablan, feb. 2021, nº 1) — datos/fuentes/polytech-biocablan-2021.pdf",26,
Polytech,Optimam SublimeLine,30774-170,anatomica,poliuretano,Microthane,Optimam SL LP - Microthane Proyección baja,170,10.8,12.5,3.1,5.1,EasyFit Gel,"Polytech (Biocablan, feb. 2021, nº 1) — datos/fuentes/polytech-biocablan-2021.pdf",26,
Polytech,Optimam SublimeLine,30775-225,anatomica,poliuretano,Microthane,Optimam SL MP - Microthane Proyección Moderada,225,10.8,12.5,3.9,6.0,EasyFit Gel,"Polytech (Biocablan, feb. 2021, nº 1) — datos/fuentes/polytech-biocablan-2021.pdf",26,
Polytech,Optimam SublimeLine,30774-195,anatomica,poliuretano,Microthane,Optimam SL LP - Microthane Proyección baja,195,11.3,13.1,3.1,5.4,EasyFit Gel,"Polytech (Biocablan, feb. 2021, nº 1) — datos/fuentes/polytech-biocablan-2021.pdf",26,
Polytech,Optimam SublimeLine,30775-260,anatomica,poliuretano,Microthane,Optimam SL MP - Microthane Proyección Moderada,260,11.3,13.1,4.0,6.2,EasyFit Gel,"Polytech (Biocablan, feb. 2021, nº 1) — datos/fuentes/polytech-biocablan-2021.pdf",26,
Polytech,Optimam SublimeLine,30774-220,anatomica,poliuretano,Microthane,Optimam SL LP - Microthane Proyección baja,220,11.8,13.6,3.2,5.6,EasyFit Gel,"Polytech (Biocablan, feb. 2021, nº 1) — datos/fuentes/polytech-biocablan-2021.pdf",26,
Polytech,Optimam SublimeLine,30775-290,anatomica,poliuretano,Microthane,Optimam SL MP - Microthane Proyección Moderada,290,11.8,13.6,4.2,6.4,EasyFit Gel,"Polytech (Biocablan, feb. 2021, nº 1) — datos/fuentes/polytech-biocablan-2021.pdf",26,
Polytech,Optimam SublimeLine,30774-240,anatomica,poliuretano,Microthane,Optimam SL LP - Microthane Proyección baja,240,12.3,14.2,3.3,5.8,EasyFit Gel,"Polytech (Biocablan, feb. 2021, nº 1) — datos/fuentes/polytech-biocablan-2021.pdf",26,
Polytech,Optimam SublimeLine,30775-330,anatomica,poliuretano,Microthane,Optimam SL MP - Microthane Proyección Moderada,330,12.3,14.2,4.3,6.7,EasyFit Gel,"Polytech (Biocablan, feb. 2021, nº 1) — datos/fuentes/polytech-biocablan-2021.pdf",26,
Polytech,Optimam SublimeLine,30774-275,anatomica,poliuretano,Microthane,Optimam SL LP - Microthane Proyección baja,275,12.8,14.8,3.4,6.0,EasyFit Gel,"Polytech (Biocablan, feb. 2021, nº 1) — datos/fuentes/polytech-biocablan-2021.pdf",26,
Polytech,Optimam SublimeLine,30775-370,anatomica,poliuretano,Microthane,Optimam SL MP - Microthane Proyección Moderada,370,12.8,14.8,4.5,6.9,EasyFit Gel,"Polytech (Biocablan, feb. 2021, nº 1) — datos/fuentes/polytech-biocablan-2021.pdf",26,
Polytech,Optimam SublimeLine,30775-405,anatomica,poliuretano,Microthane,Optimam SL MP - Microthane Proyección Moderada,405,13.3,15.4,4.6,7.1,EasyFit Gel,"Polytech (Biocablan, feb. 2021, nº 1) — datos/fuentes/polytech-biocablan-2021.pdf",26,
Polytech,Optimam SublimeLine,30775-455,anatomica,poliuretano,Microthane,Optimam SL MP - Microthane Proyección Moderada,455,13.8,16.0,4.7,7.4,EasyFit Gel,"Polytech (Biocablan, feb. 2021, nº 1) — datos/fuentes/polytech-biocablan-2021.pdf",26,
Polytech,Opticon SublimeLine,30746-130,anatomica,poliuretano,Microthane,Opticon SL HP - Microthane Proyección Alta,130,9.3,7.9,4.2,5.3,EasyFit Gel,"Polytech (Biocablan, feb. 2021, nº 1) — datos/fuentes/polytech-biocablan-2021.pdf",27,
Polytech,Opticon SublimeLine,30747-160,anatomica,poliuretano,Microthane,Opticon SL XP - Microthane Proyección Extra Alta,160,9.3,7.9,5.1,5.9,EasyFit Gel,"Polytech (Biocablan, feb. 2021, nº 1) — datos/fuentes/polytech-biocablan-2021.pdf",27,
Polytech,Opticon SublimeLine,30746-155,anatomica,poliuretano,Microthane,Opticon SL HP - Microthane Proyección Alta,155,9.8,8.3,4.4,5.5,EasyFit Gel,"Polytech (Biocablan, feb. 2021, nº 1) — datos/fuentes/polytech-biocablan-2021.pdf",27,
Polytech,Opticon SublimeLine,30747-185,anatomica,poliuretano,Microthane,Opticon SL XP - Microthane Proyección Extra Alta,185,9.8,8.3,5.3,6.2,EasyFit Gel,"Polytech (Biocablan, feb. 2021, nº 1) — datos/fuentes/polytech-biocablan-2021.pdf",27,
Polytech,Opticon SublimeLine,30746-175,anatomica,poliuretano,Microthane,Opticon SL HP - Microthane Proyección Alta,175,10.3,8.7,4.6,5.8,EasyFit Gel,"Polytech (Biocablan, feb. 2021, nº 1) — datos/fuentes/polytech-biocablan-2021.pdf",27,
Polytech,Opticon SublimeLine,30747-215,anatomica,poliuretano,Microthane,Opticon SL XP - Microthane Proyección Extra Alta,215,10.3,8.7,5.5,6.5,EasyFit Gel,"Polytech (Biocablan, feb. 2021, nº 1) — datos/fuentes/polytech-biocablan-2021.pdf",27,
Polytech,Opticon SublimeLine,30746-205,anatomica,poliuretano,Microthane,Opticon SL HP - Microthane Proyección Alta,205,10.8,9.1,4.7,6.0,EasyFit Gel,"Polytech (Biocablan, feb. 2021, nº 1) — datos/fuentes/polytech-biocablan-2021.pdf",27,
Polytech,Opticon SublimeLine,30747-240,anatomica,poliuretano,Microthane,Opticon SL XP - Microthane Proyección Extra Alta,240,10.8,9.1,5.7,6.7,EasyFit Gel,"Polytech (Biocablan, feb. 2021, nº 1) — datos/fuentes/polytech-biocablan-2021.pdf",27,
Polytech,Opticon SublimeLine,30746-230,anatomica,poliuretano,Microthane,Opticon SL HP - Microthane Proyección Alta,230,11.3,9.5,4.9,6.2,EasyFit Gel,"Polytech (Biocablan, feb. 2021, nº 1) — datos/fuentes/polytech-biocablan-2021.pdf",27,
Polytech,Opticon SublimeLine,30747-280,anatomica,poliuretano,Microthane,Opticon SL XP - Microthane Proyección Extra Alta,280,11.3,9.5,5.9,7.0,EasyFit Gel,"Polytech (Biocablan, feb. 2021, nº 1) — datos/fuentes/polytech-biocablan-2021.pdf",27,
Polytech,Opticon SublimeLine,30746-265,anatomica,poliuretano,Microthane,Opticon SL HP - Microthane Proyección Alta,265,11.8,10.0,5.1,6.5,EasyFit Gel,"Polytech (Biocablan, feb. 2021, nº 1) — datos/fuentes/polytech-biocablan-2021.pdf",27,
Polytech,Opticon SublimeLine,30747-320,anatomica,poliuretano,Microthane,Opticon SL XP - Microthane Proyección Extra Alta,320,11.8,10.0,6.1,7.3,EasyFit Gel,"Polytech (Biocablan, feb. 2021, nº 1) — datos/fuentes/polytech-biocablan-2021.pdf",27,
Polytech,Opticon SublimeLine,30746-295,anatomica,poliuretano,Microthane,Opticon SL HP - Microthane Proyección Alta,295,12.3,10.4,5.3,6.7,EasyFit Gel,"Polytech (Biocablan, feb. 2021, nº 1) — datos/fuentes/polytech-biocablan-2021.pdf",27,
Polytech,Opticon SublimeLine,30747-360,anatomica,poliuretano,Microthane,Opticon SL XP - Microthane Proyección Extra Alta,360,12.3,10.4,6.3,7.5,EasyFit Gel,"Polytech (Biocablan, feb. 2021, nº 1) — datos/fuentes/polytech-biocablan-2021.pdf",27,
Polytech,Opticon SublimeLine,30746-335,anatomica,poliuretano,Microthane,Opticon SL HP - Microthane Proyección Alta,335,12.8,10.8,5.5,6.9,EasyFit Gel,"Polytech (Biocablan, feb. 2021, nº 1) — datos/fuentes/polytech-biocablan-2021.pdf",27,
Polytech,Opticon SublimeLine,30747-400,anatomica,poliuretano,Microthane,Opticon SL XP - Microthane Proyección Extra Alta,400,12.8,10.8,6.5,7.8,EasyFit Gel,"Polytech (Biocablan, feb. 2021, nº 1) — datos/fuentes/polytech-biocablan-2021.pdf",27,
Polytech,Opticon SublimeLine,30746-375,anatomica,poliuretano,Microthane,Opticon SL HP - Microthane Proyección Alta,375,13.3,11.2,5.7,7.2,EasyFit Gel,"Polytech (Biocablan, feb. 2021, nº 1) — datos/fuentes/polytech-biocablan-2021.pdf",27,
Polytech,Opticon SublimeLine,30747-450,anatomica,poliuretano,Microthane,Opticon SL XP - Microthane Proyección Extra Alta,450,13.3,11.2,6.7,8.1,EasyFit Gel,"Polytech (Biocablan, feb. 2021, nº 1) — datos/fuentes/polytech-biocablan-2021.pdf",27,
Polytech,Opticon SublimeLine,30746-420,anatomica,poliuretano,Microthane,Opticon SL HP - Microthane Proyección Alta,420,13.8,11.6,5.9,7.4,EasyFit Gel,"Polytech (Biocablan, feb. 2021, nº 1) — datos/fuentes/polytech-biocablan-2021.pdf",27,
Polytech,Opticon SublimeLine,30747-500,anatomica,poliuretano,Microthane,Opticon SL XP - Microthane Proyección Extra Alta,500,13.8,11.6,6.9,8.3,EasyFit Gel,"Polytech (Biocablan, feb. 2021, nº 1) — datos/fuentes/polytech-biocablan-2021.pdf",27,
Polytech,Opticon SublimeLine,30746-460,anatomica,poliuretano,Microthane,Opticon SL HP - Microthane Proyección Alta,460,14.3,12.1,6.1,7.6,EasyFit Gel,"Polytech (Biocablan, feb. 2021, nº 1) — datos/fuentes/polytech-biocablan-2021.pdf",27,
Polytech,Opticon SublimeLine,30747-560,anatomica,poliuretano,Microthane,Opticon SL XP - Microthane Proyección Extra Alta,560,14.3,12.1,7.1,8.6,EasyFit Gel,"Polytech (Biocablan, feb. 2021, nº 1) — datos/fuentes/polytech-biocablan-2021.pdf",27,
Polytech,Opticon SublimeLine,30746-510,anatomica,poliuretano,Microthane,Opticon SL HP - Microthane Proyección Alta,510,14.8,12.5,6.3,7.9,EasyFit Gel,"Polytech (Biocablan, feb. 2021, nº 1) — datos/fuentes/polytech-biocablan-2021.pdf",27,
Polytech,Opticon SublimeLine,30747-615,anatomica,poliuretano,Microthane,Opticon SL XP - Microthane Proyección Extra Alta,615,14.8,12.5,7.3,8.9,EasyFit Gel,"Polytech (Biocablan, feb. 2021, nº 1) — datos/fuentes/polytech-biocablan-2021.pdf",27,
Polytech,Opticon SublimeLine,30746-560,anatomica,poliuretano,Microthane,Opticon SL HP - Microthane Proyección Alta,560,15.3,12.9,6.4,8.1,EasyFit Gel,"Polytech (Biocablan, feb. 2021, nº 1) — datos/fuentes/polytech-biocablan-2021.pdf",27,
Polytech,Opticon SublimeLine,30747-680,anatomica,poliuretano,Microthane,Opticon SL XP - Microthane Proyección Extra Alta,680,15.3,12.9,7.5,9.1,EasyFit Gel,"Polytech (Biocablan, feb. 2021, nº 1) — datos/fuentes/polytech-biocablan-2021.pdf",27,
Polytech,Opticon SublimeLine,30746-615,anatomica,poliuretano,Microthane,Opticon SL HP - Microthane Proyección Alta,615,15.8,13.3,6.6,8.4,EasyFit Gel,"Polytech (Biocablan, feb. 2021, nº 1) — datos/fuentes/polytech-biocablan-2021.pdf",27,
Polytech,Opticon SublimeLine,30747-750,anatomica,poliuretano,Microthane,Opticon SL XP - Microthane Proyección Extra Alta,750,15.8,13.3,7.7,9.4,EasyFit Gel,"Polytech (Biocablan, feb. 2021, nº 1) — datos/fuentes/polytech-biocablan-2021.pdf",27,
Polytech,Replicon SublimeLine,30736-115,anatomica,poliuretano,Microthane,Replicon SL HP - Microthane Proyección Alta,115,8.3,8.3,3.9,5.1,EasyFit Gel,"Polytech (Biocablan, feb. 2021, nº 1) — datos/fuentes/polytech-biocablan-2021.pdf",27,"Base redonda con proyección anatómica: altura = base, así que el filtro de altura la agrupa como alta"
Polytech,Replicon SublimeLine,30737-130,anatomica,poliuretano,Microthane,Replicon SL XP - Microthane Proyección Extra Alta,130,8.3,8.3,4.7,5.6,EasyFit Gel,"Polytech (Biocablan, feb. 2021, nº 1) — datos/fuentes/polytech-biocablan-2021.pdf",27,"Base redonda con proyección anatómica: altura = base, así que el filtro de altura la agrupa como alta"
Polytech,Replicon SublimeLine,30736-130,anatomica,poliuretano,Microthane,Replicon SL HP - Microthane Proyección Alta,130,8.8,8.8,4.1,5.3,EasyFit Gel,"Polytech (Biocablan, feb. 2021, nº 1) — datos/fuentes/polytech-biocablan-2021.pdf",27,"Base redonda con proyección anatómica: altura = base, así que el filtro de altura la agrupa como alta"
Polytech,Replicon SublimeLine,30737-160,anatomica,poliuretano,Microthane,Replicon SL XP - Microthane Proyección Extra Alta,160,8.8,8.8,4.9,5.9,EasyFit Gel,"Polytech (Biocablan, feb. 2021, nº 1) — datos/fuentes/polytech-biocablan-2021.pdf",27,"Base redonda con proyección anatómica: altura = base, así que el filtro de altura la agrupa como alta"
Polytech,Replicon SublimeLine,30736-160,anatomica,poliuretano,Microthane,Replicon SL HP - Microthane Proyección Alta,160,9.3,9.3,4.2,5.6,EasyFit Gel,"Polytech (Biocablan, feb. 2021, nº 1) — datos/fuentes/polytech-biocablan-2021.pdf",27,"Base redonda con proyección anatómica: altura = base, así que el filtro de altura la agrupa como alta"
Polytech,Replicon SublimeLine,30737-185,anatomica,poliuretano,Microthane,Replicon SL XP - Microthane Proyección Extra Alta,185,9.3,9.3,5.1,6.2,EasyFit Gel,"Polytech (Biocablan, feb. 2021, nº 1) — datos/fuentes/polytech-biocablan-2021.pdf",27,"Base redonda con proyección anatómica: altura = base, así que el filtro de altura la agrupa como alta"
Polytech,Replicon SublimeLine,30736-180,anatomica,poliuretano,Microthane,Replicon SL HP - Microthane Proyección Alta,180,9.8,9.8,4.4,5.8,EasyFit Gel,"Polytech (Biocablan, feb. 2021, nº 1) — datos/fuentes/polytech-biocablan-2021.pdf",27,"Base redonda con proyección anatómica: altura = base, así que el filtro de altura la agrupa como alta"
Polytech,Replicon SublimeLine,30737-220,anatomica,poliuretano,Microthane,Replicon SL XP - Microthane Proyección Extra Alta,220,9.8,9.8,5.3,6.5,EasyFit Gel,"Polytech (Biocablan, feb. 2021, nº 1) — datos/fuentes/polytech-biocablan-2021.pdf",27,"Base redonda con proyección anatómica: altura = base, así que el filtro de altura la agrupa como alta"
Polytech,Replicon SublimeLine,30736-210,anatomica,poliuretano,Microthane,Replicon SL HP - Microthane Proyección Alta,210,10.3,10.3,4.6,6.1,EasyFit Gel,"Polytech (Biocablan, feb. 2021, nº 1) — datos/fuentes/polytech-biocablan-2021.pdf",27,"Base redonda con proyección anatómica: altura = base, así que el filtro de altura la agrupa como alta"
Polytech,Replicon SublimeLine,30737-255,anatomica,poliuretano,Microthane,Replicon SL XP - Microthane Proyección Extra Alta,255,10.3,10.3,5.5,6.7,EasyFit Gel,"Polytech (Biocablan, feb. 2021, nº 1) — datos/fuentes/polytech-biocablan-2021.pdf",27,"Base redonda con proyección anatómica: altura = base, así que el filtro de altura la agrupa como alta"
Polytech,Replicon SublimeLine,30736-240,anatomica,poliuretano,Microthane,Replicon SL HP - Microthane Proyección Alta,240,10.8,10.8,4.7,6.3,EasyFit Gel,"Polytech (Biocablan, feb. 2021, nº 1) — datos/fuentes/polytech-biocablan-2021.pdf",27,"Base redonda con proyección anatómica: altura = base, así que el filtro de altura la agrupa como alta"
Polytech,Replicon SublimeLine,30737-290,anatomica,poliuretano,Microthane,Replicon SL XP - Microthane Proyección Extra Alta,290,10.8,10.8,5.7,7.0,EasyFit Gel,"Polytech (Biocablan, feb. 2021, nº 1) — datos/fuentes/polytech-biocablan-2021.pdf",27,"Base redonda con proyección anatómica: altura = base, así que el filtro de altura la agrupa como alta"
Polytech,Replicon SublimeLine,30736-275,anatomica,poliuretano,Microthane,Replicon SL HP - Microthane Proyección Alta,275,11.3,11.3,4.9,6.6,EasyFit Gel,"Polytech (Biocablan, feb. 2021, nº 1) — datos/fuentes/polytech-biocablan-2021.pdf",27,"Base redonda con proyección anatómica: altura = base, así que el filtro de altura la agrupa como alta"
Polytech,Replicon SublimeLine,30737-330,anatomica,poliuretano,Microthane,Replicon SL XP - Microthane Proyección Extra Alta,330,11.3,11.3,5.9,7.3,EasyFit Gel,"Polytech (Biocablan, feb. 2021, nº 1) — datos/fuentes/polytech-biocablan-2021.pdf",27,"Base redonda con proyección anatómica: altura = base, así que el filtro de altura la agrupa como alta"
Polytech,Replicon SublimeLine,30736-315,anatomica,poliuretano,Microthane,Replicon SL HP - Microthane Proyección Alta,315,11.8,11.8,5.1,6.8,EasyFit Gel,"Polytech (Biocablan, feb. 2021, nº 1) — datos/fuentes/polytech-biocablan-2021.pdf",27,"Base redonda con proyección anatómica: altura = base, así que el filtro de altura la agrupa como alta"
Polytech,Replicon SublimeLine,30737-380,anatomica,poliuretano,Microthane,Replicon SL XP - Microthane Proyección Extra Alta,380,11.8,11.8,6.1,7.6,EasyFit Gel,"Polytech (Biocablan, feb. 2021, nº 1) — datos/fuentes/polytech-biocablan-2021.pdf",27,"Base redonda con proyección anatómica: altura = base, así que el filtro de altura la agrupa como alta"
Polytech,Replicon SublimeLine,30736-350,anatomica,poliuretano,Microthane,Replicon SL HP - Microthane Proyección Alta,350,12.3,12.3,5.3,7.1,EasyFit Gel,"Polytech (Biocablan, feb. 2021, nº 1) — datos/fuentes/polytech-biocablan-2021.pdf",27,"Base redonda con proyección anatómica: altura = base, así que el filtro de altura la agrupa como alta"
Polytech,Replicon SublimeLine,30737-425,anatomica,poliuretano,Microthane,Replicon SL XP - Microthane Proyección Extra Alta,425,12.3,12.3,6.3,7.9,EasyFit Gel,"Polytech (Biocablan, feb. 2021, nº 1) — datos/fuentes/polytech-biocablan-2021.pdf",27,"Base redonda con proyección anatómica: altura = base, así que el filtro de altura la agrupa como alta"
Polytech,Replicon SublimeLine,30736-395,anatomica,poliuretano,Microthane,Replicon SL HP - Microthane Proyección Alta,395,12.8,12.8,5.5,7.3,EasyFit Gel,"Polytech (Biocablan, feb. 2021, nº 1) — datos/fuentes/polytech-biocablan-2021.pdf",27,"Base redonda con proyección anatómica: altura = base, así que el filtro de altura la agrupa como alta"
Polytech,Replicon SublimeLine,30737-480,anatomica,poliuretano,Microthane,Replicon SL XP - Microthane Proyección Extra Alta,480,12.8,12.8,6.5,8.2,EasyFit Gel,"Polytech (Biocablan, feb. 2021, nº 1) — datos/fuentes/polytech-biocablan-2021.pdf",27,"Base redonda con proyección anatómica: altura = base, así que el filtro de altura la agrupa como alta"
Polytech,Replicon SublimeLine,30736-445,anatomica,poliuretano,Microthane,Replicon SL HP - Microthane Proyección Alta,445,13.3,13.3,5.7,7.6,EasyFit Gel,"Polytech (Biocablan, feb. 2021, nº 1) — datos/fuentes/polytech-biocablan-2021.pdf",27,"Base redonda con proyección anatómica: altura = base, así que el filtro de altura la agrupa como alta"
Polytech,Replicon SublimeLine,30737-535,anatomica,poliuretano,Microthane,Replicon SL XP - Microthane Proyección Extra Alta,535,13.3,13.3,6.7,8.4,EasyFit Gel,"Polytech (Biocablan, feb. 2021, nº 1) — datos/fuentes/polytech-biocablan-2021.pdf",27,"Base redonda con proyección anatómica: altura = base, así que el filtro de altura la agrupa como alta"
Polytech,Replicon SublimeLine,30736-495,anatomica,poliuretano,Microthane,Replicon SL HP - Microthane Proyección Alta,495,13.8,13.8,5.9,7.8,EasyFit Gel,"Polytech (Biocablan, feb. 2021, nº 1) — datos/fuentes/polytech-biocablan-2021.pdf",27,"Base redonda con proyección anatómica: altura = base, así que el filtro de altura la agrupa como alta"
Polytech,Replicon SublimeLine,30737-600,anatomica,poliuretano,Microthane,Replicon SL XP - Microthane Proyección Extra Alta,600,13.8,13.8,6.9,8.7,EasyFit Gel,"Polytech (Biocablan, feb. 2021, nº 1) — datos/fuentes/polytech-biocablan-2021.pdf",27,"Base redonda con proyección anatómica: altura = base, así que el filtro de altura la agrupa como alta"
Polytech,Replicon SublimeLine,30736-550,anatomica,poliuretano,Microthane,Replicon SL HP - Microthane Proyección Alta,550,14.3,14.3,6.1,8.1,EasyFit Gel,"Polytech (Biocablan, feb. 2021, nº 1) — datos/fuentes/polytech-biocablan-2021.pdf",27,"Base redonda con proyección anatómica: altura = base, así que el filtro de altura la agrupa como alta"
Polytech,Replicon SublimeLine,30737-665,anatomica,poliuretano,Microthane,Replicon SL XP - Microthane Proyección Extra Alta,665,14.3,14.3,7.1,9.0,EasyFit Gel,"Polytech (Biocablan, feb. 2021, nº 1) — datos/fuentes/polytech-biocablan-2021.pdf",27,"Base redonda con proyección anatómica: altura = base, así que el filtro de altura la agrupa como alta"
Polytech,Replicon SublimeLine,30736-605,anatomica,poliuretano,Microthane,Replicon SL HP - Microthane Proyección Alta,605,14.8,14.8,6.3,8.3,EasyFit Gel,"Polytech (Biocablan, feb. 2021, nº 1) — datos/fuentes/polytech-biocablan-2021.pdf",27,"Base redonda con proyección anatómica: altura = base, así que el filtro de altura la agrupa como alta"
Polytech,Replicon SublimeLine,30737-730,anatomica,poliuretano,Microthane,Replicon SL XP - Microthane Proyección Extra Alta,730,14.8,14.8,7.3,9.3,EasyFit Gel,"Polytech (Biocablan, feb. 2021, nº 1) — datos/fuentes/polytech-biocablan-2021.pdf",27,"Base redonda con proyección anatómica: altura = base, así que el filtro de altura la agrupa como alta"
Polytech,Replicon SublimeLine,30736-670,anatomica,poliuretano,Microthane,Replicon SL HP - Microthane Proyección Alta,670,15.3,15.3,6.4,8.6,EasyFit Gel,"Polytech (Biocablan, feb. 2021, nº 1) — datos/fuentes/polytech-biocablan-2021.pdf",27,"Base redonda con proyección anatómica: altura = base, así que el filtro de altura la agrupa como alta"
Polytech,Replicon SublimeLine,30737-810,anatomica,poliuretano,Microthane,Replicon SL XP - Microthane Proyección Extra Alta,810,15.3,15.3,7.5,9.6,EasyFit Gel,"Polytech (Biocablan, feb. 2021, nº 1) — datos/fuentes/polytech-biocablan-2021.pdf",27,"Base redonda con proyección anatómica: altura = base, así que el filtro de altura la agrupa como alta"
Polytech,Replicon SublimeLine,30736-735,anatomica,poliuretano,Microthane,Replicon SL HP - Microthane Proyección Alta,735,15.8,15.8,6.6,8.8,EasyFit Gel,"Polytech (Biocablan, feb. 2021, nº 1) — datos/fuentes/polytech-biocablan-2021.pdf",27,"Base redonda con proyección anatómica: altura = base, así que el filtro de altura la agrupa como alta"
Polytech,Replicon SublimeLine,30737-890,anatomica,poliuretano,Microthane,Replicon SL XP - Microthane Proyección Extra Alta,890,15.8,15.8,7.7,9.9,EasyFit Gel,"Polytech (Biocablan, feb. 2021, nº 1) — datos/fuentes/polytech-biocablan-2021.pdf",27,"Base redonda con proyección anatómica: altura = base, así que el filtro de altura la agrupa como alta"
Polytech,Optimam SublimeLine,30776-180,anatomica,poliuretano,Microthane,Optimam SL HP - Microthane Proyección Alta,180,9.3,10.7,4.2,5.8,EasyFit Gel,"Polytech (Biocablan, feb. 2021, nº 1) — datos/fuentes/polytech-biocablan-2021.pdf",27,
Polytech,Optimam SublimeLine,30777-220,anatomica,poliuretano,Microthane,Optimam SL XP - Microthane Proyección Extra Alta,220,9.3,10.7,5.1,6.4,EasyFit Gel,"Polytech (Biocablan, feb. 2021, nº 1) — datos/fuentes/polytech-biocablan-2021.pdf",27,
Polytech,Optimam SublimeLine,30776-215,anatomica,poliuretano,Microthane,Optimam SL HP - Microthane Proyección Alta,215,9.8,11.3,4.4,6.1,EasyFit Gel,"Polytech (Biocablan, feb. 2021, nº 1) — datos/fuentes/polytech-biocablan-2021.pdf",27,
Polytech,Optimam SublimeLine,30777-255,anatomica,poliuretano,Microthane,Optimam SL XP - Microthane Proyección Extra Alta,255,9.8,11.3,5.3,6.7,EasyFit Gel,"Polytech (Biocablan, feb. 2021, nº 1) — datos/fuentes/polytech-biocablan-2021.pdf",27,
Polytech,Optimam SublimeLine,30776-250,anatomica,poliuretano,Microthane,Optimam SL HP - Microthane Proyección Alta,250,10.3,11.9,4.6,6.4,EasyFit Gel,"Polytech (Biocablan, feb. 2021, nº 1) — datos/fuentes/polytech-biocablan-2021.pdf",27,
Polytech,Optimam SublimeLine,30777-290,anatomica,poliuretano,Microthane,Optimam SL XP - Microthane Proyección Extra Alta,290,10.3,11.9,5.5,7.0,EasyFit Gel,"Polytech (Biocablan, feb. 2021, nº 1) — datos/fuentes/polytech-biocablan-2021.pdf",27,
Polytech,Optimam SublimeLine,30776-280,anatomica,poliuretano,Microthane,Optimam SL HP - Microthane Proyección Alta,280,10.8,12.5,4.7,6.6,EasyFit Gel,"Polytech (Biocablan, feb. 2021, nº 1) — datos/fuentes/polytech-biocablan-2021.pdf",27,
Polytech,Optimam SublimeLine,30777-335,anatomica,poliuretano,Microthane,Optimam SL XP - Microthane Proyección Extra Alta,335,10.8,12.5,5.7,7.3,EasyFit Gel,"Polytech (Biocablan, feb. 2021, nº 1) — datos/fuentes/polytech-biocablan-2021.pdf",27,
Polytech,Optimam SublimeLine,30776-320,anatomica,poliuretano,Microthane,Optimam SL HP - Microthane Proyección Alta,320,11.3,13.1,4.9,6.9,EasyFit Gel,"Polytech (Biocablan, feb. 2021, nº 1) — datos/fuentes/polytech-biocablan-2021.pdf",27,
Polytech,Optimam SublimeLine,30777-385,anatomica,poliuretano,Microthane,Optimam SL XP - Microthane Proyección Extra Alta,385,11.3,13.1,5.9,7.6,EasyFit Gel,"Polytech (Biocablan, feb. 2021, nº 1) — datos/fuentes/polytech-biocablan-2021.pdf",27,
Polytech,Optimam SublimeLine,30776-365,anatomica,poliuretano,Microthane,Optimam SL HP - Microthane Proyección Alta,365,11.8,13.6,5.1,7.2,EasyFit Gel,"Polytech (Biocablan, feb. 2021, nº 1) — datos/fuentes/polytech-biocablan-2021.pdf",27,
Polytech,Optimam SublimeLine,30777-440,anatomica,poliuretano,Microthane,Optimam SL XP - Microthane Proyección Extra Alta,440,11.8,13.6,6.1,7.9,EasyFit Gel,"Polytech (Biocablan, feb. 2021, nº 1) — datos/fuentes/polytech-biocablan-2021.pdf",27,
Polytech,Optimam SublimeLine,30776-415,anatomica,poliuretano,Microthane,Optimam SL HP - Microthane Proyección Alta,415,12.3,14.2,5.3,7.4,EasyFit Gel,"Polytech (Biocablan, feb. 2021, nº 1) — datos/fuentes/polytech-biocablan-2021.pdf",27,
Polytech,Optimam SublimeLine,30777-495,anatomica,poliuretano,Microthane,Optimam SL XP - Microthane Proyección Extra Alta,495,12.3,14.2,6.3,8.2,EasyFit Gel,"Polytech (Biocablan, feb. 2021, nº 1) — datos/fuentes/polytech-biocablan-2021.pdf",27,
Polytech,Optimam SublimeLine,30776-460,anatomica,poliuretano,Microthane,Optimam SL HP - Microthane Proyección Alta,460,12.8,14.8,5.5,7.7,EasyFit Gel,"Polytech (Biocablan, feb. 2021, nº 1) — datos/fuentes/polytech-biocablan-2021.pdf",27,
Polytech,Optimam SublimeLine,30777-555,anatomica,poliuretano,Microthane,Optimam SL XP - Microthane Proyección Extra Alta,555,12.8,14.8,6.5,8.5,EasyFit Gel,"Polytech (Biocablan, feb. 2021, nº 1) — datos/fuentes/polytech-biocablan-2021.pdf",27,
Polytech,Optimam SublimeLine,30776-515,anatomica,poliuretano,Microthane,Optimam SL HP - Microthane Proyección Alta,515,13.3,15.4,5.7,8.0,EasyFit Gel,"Polytech (Biocablan, feb. 2021, nº 1) — datos/fuentes/polytech-biocablan-2021.pdf",27,
Polytech,Optimam SublimeLine,30777-620,anatomica,poliuretano,Microthane,Optimam SL XP - Microthane Proyección Extra Alta,620,13.3,15.4,6.7,8.8,EasyFit Gel,"Polytech (Biocablan, feb. 2021, nº 1) — datos/fuentes/polytech-biocablan-2021.pdf",27,
Polytech,Optimam SublimeLine,30777-695,anatomica,poliuretano,Microthane,Optimam SL XP - Microthane Proyección Extra Alta,695,13.8,16.0,6.9,9.1,EasyFit Gel,"Polytech (Biocablan, feb. 2021, nº 1) — datos/fuentes/polytech-biocablan-2021.pdf",27,
Polytech,Opticon 4Two,31641-180,anatomica,poliuretano,Microthane,Opticon 4Two AO - Proyección alta,180,10.4,9.4,4.0,7.9,Diagon\Gel 4Two,"Polytech (Biocablan, feb. 2021, nº 1) — datos/fuentes/polytech-biocablan-2021.pdf",28,"Arco (D) de la línea 4Two: no es la misma medida que el resto de Polytech ni que Motiva o Silimed, y el catálogo no la define"
Polytech,Opticon 4Two,31642-215,anatomica,poliuretano,Microthane,Opticon 4Two AO - Proyección extra alta,215,10.4,9.4,4.8,8.6,Diagon\Gel 4Two,"Polytech (Biocablan, feb. 2021, nº 1) — datos/fuentes/polytech-biocablan-2021.pdf",28,"Arco (D) de la línea 4Two: no es la misma medida que el resto de Polytech ni que Motiva o Silimed, y el catálogo no la define"
Polytech,Opticon 4Two,31641-205,anatomica,poliuretano,Microthane,Opticon 4Two AO - Proyección alta,205,10.8,9.8,4.2,8.3,Diagon\Gel 4Two,"Polytech (Biocablan, feb. 2021, nº 1) — datos/fuentes/polytech-biocablan-2021.pdf",28,"Arco (D) de la línea 4Two: no es la misma medida que el resto de Polytech ni que Motiva o Silimed, y el catálogo no la define"
Polytech,Opticon 4Two,31642-245,anatomica,poliuretano,Microthane,Opticon 4Two AO - Proyección extra alta,245,10.8,9.8,5.0,9.0,Diagon\Gel 4Two,"Polytech (Biocablan, feb. 2021, nº 1) — datos/fuentes/polytech-biocablan-2021.pdf",28,"Arco (D) de la línea 4Two: no es la misma medida que el resto de Polytech ni que Motiva o Silimed, y el catálogo no la define"
Polytech,Opticon 4Two,31641-235,anatomica,poliuretano,Microthane,Opticon 4Two AO - Proyección alta,235,11.2,10.2,4.4,8.6,Diagon\Gel 4Two,"Polytech (Biocablan, feb. 2021, nº 1) — datos/fuentes/polytech-biocablan-2021.pdf",28,"Arco (D) de la línea 4Two: no es la misma medida que el resto de Polytech ni que Motiva o Silimed, y el catálogo no la define"
Polytech,Opticon 4Two,31642-285,anatomica,poliuretano,Microthane,Opticon 4Two AO - Proyección extra alta,285,11.2,10.2,5.2,9.3,Diagon\Gel 4Two,"Polytech (Biocablan, feb. 2021, nº 1) — datos/fuentes/polytech-biocablan-2021.pdf",28,"Arco (D) de la línea 4Two: no es la misma medida que el resto de Polytech ni que Motiva o Silimed, y el catálogo no la define"
Polytech,Opticon 4Two,31641-260,anatomica,poliuretano,Microthane,Opticon 4Two AO - Proyección alta,260,11.6,10.6,4.6,9.0,Diagon\Gel 4Two,"Polytech (Biocablan, feb. 2021, nº 1) — datos/fuentes/polytech-biocablan-2021.pdf",28,"Arco (D) de la línea 4Two: no es la misma medida que el resto de Polytech ni que Motiva o Silimed, y el catálogo no la define"
Polytech,Opticon 4Two,31642-305,anatomica,poliuretano,Microthane,Opticon 4Two AO - Proyección extra alta,305,11.6,10.6,5.4,9.7,Diagon\Gel 4Two,"Polytech (Biocablan, feb. 2021, nº 1) — datos/fuentes/polytech-biocablan-2021.pdf",28,"Arco (D) de la línea 4Two: no es la misma medida que el resto de Polytech ni que Motiva o Silimed, y el catálogo no la define"
Polytech,Opticon 4Two,31641-290,anatomica,poliuretano,Microthane,Opticon 4Two AO - Proyección alta,290,12.0,11.0,4.8,9.3,Diagon\Gel 4Two,"Polytech (Biocablan, feb. 2021, nº 1) — datos/fuentes/polytech-biocablan-2021.pdf",28,"Arco (D) de la línea 4Two: no es la misma medida que el resto de Polytech ni que Motiva o Silimed, y el catálogo no la define"
Polytech,Opticon 4Two,31642-335,anatomica,poliuretano,Microthane,Opticon 4Two AO - Proyección extra alta,335,12.0,11.0,5.6,10.0,Diagon\Gel 4Two,"Polytech (Biocablan, feb. 2021, nº 1) — datos/fuentes/polytech-biocablan-2021.pdf",28,"Arco (D) de la línea 4Two: no es la misma medida que el resto de Polytech ni que Motiva o Silimed, y el catálogo no la define"
Polytech,Opticon 4Two,31641-320,anatomica,poliuretano,Microthane,Opticon 4Two AO - Proyección alta,320,12.4,11.4,5.0,9.7,Diagon\Gel 4Two,"Polytech (Biocablan, feb. 2021, nº 1) — datos/fuentes/polytech-biocablan-2021.pdf",28,"Arco (D) de la línea 4Two: no es la misma medida que el resto de Polytech ni que Motiva o Silimed, y el catálogo no la define"
Polytech,Opticon 4Two,31642-380,anatomica,poliuretano,Microthane,Opticon 4Two AO - Proyección extra alta,380,12.4,11.4,5.8,10.4,Diagon\Gel 4Two,"Polytech (Biocablan, feb. 2021, nº 1) — datos/fuentes/polytech-biocablan-2021.pdf",28,"Arco (D) de la línea 4Two: no es la misma medida que el resto de Polytech ni que Motiva o Silimed, y el catálogo no la define"
Polytech,Opticon 4Two,31641-360,anatomica,poliuretano,Microthane,Opticon 4Two AO - Proyección alta,360,12.8,11.8,5.2,10.0,Diagon\Gel 4Two,"Polytech (Biocablan, feb. 2021, nº 1) — datos/fuentes/polytech-biocablan-2021.pdf",28,"Arco (D) de la línea 4Two: no es la misma medida que el resto de Polytech ni que Motiva o Silimed, y el catálogo no la define"
Polytech,Opticon 4Two,31642-415,anatomica,poliuretano,Microthane,Opticon 4Two AO - Proyección extra alta,415,12.8,11.8,6.0,10.7,Diagon\Gel 4Two,"Polytech (Biocablan, feb. 2021, nº 1) — datos/fuentes/polytech-biocablan-2021.pdf",28,"Arco (D) de la línea 4Two: no es la misma medida que el resto de Polytech ni que Motiva o Silimed, y el catálogo no la define"
Polytech,Replicon 4Two,31631-195,anatomica,poliuretano,Microthane,Replicon 4Two AR - Proyección alta,195,10.4,10.4,4.0,7.9,Diagon\Gel 4Two,"Polytech (Biocablan, feb. 2021, nº 1) — datos/fuentes/polytech-biocablan-2021.pdf",28,"Arco (D) de la línea 4Two: no es la misma medida que el resto de Polytech ni que Motiva o Silimed, y el catálogo no la define. Base redonda con proyección anatómica: altura = base, así que el filtro de altura la agrupa como alta"
Polytech,Replicon 4Two,31632-240,anatomica,poliuretano,Microthane,Replicon 4Two AR - Proyección extra alta,240,10.4,10.4,4.8,8.5,Diagon\Gel 4Two,"Polytech (Biocablan, feb. 2021, nº 1) — datos/fuentes/polytech-biocablan-2021.pdf",28,"Arco (D) de la línea 4Two: no es la misma medida que el resto de Polytech ni que Motiva o Silimed, y el catálogo no la define. Base redonda con proyección anatómica: altura = base, así que el filtro de altura la agrupa como alta"
Polytech,Replicon 4Two,31631-225,anatomica,poliuretano,Microthane,Replicon 4Two AR - Proyección alta,225,10.8,10.8,4.2,8.2,Diagon\Gel 4Two,"Polytech (Biocablan, feb. 2021, nº 1) — datos/fuentes/polytech-biocablan-2021.pdf",28,"Arco (D) de la línea 4Two: no es la misma medida que el resto de Polytech ni que Motiva o Silimed, y el catálogo no la define. Base redonda con proyección anatómica: altura = base, así que el filtro de altura la agrupa como alta"
Polytech,Replicon 4Two,31632-270,anatomica,poliuretano,Microthane,Replicon 4Two AR - Proyección extra alta,270,10.8,10.8,5.0,8.9,Diagon\Gel 4Two,"Polytech (Biocablan, feb. 2021, nº 1) — datos/fuentes/polytech-biocablan-2021.pdf",28,"Arco (D) de la línea 4Two: no es la misma medida que el resto de Polytech ni que Motiva o Silimed, y el catálogo no la define. Base redonda con proyección anatómica: altura = base, así que el filtro de altura la agrupa como alta"
Polytech,Replicon 4Two,31631-255,anatomica,poliuretano,Microthane,Replicon 4Two AR - Proyección alta,255,11.2,11.2,4.4,8.5,Diagon\Gel 4Two,"Polytech (Biocablan, feb. 2021, nº 1) — datos/fuentes/polytech-biocablan-2021.pdf",28,"Arco (D) de la línea 4Two: no es la misma medida que el resto de Polytech ni que Motiva o Silimed, y el catálogo no la define. Base redonda con proyección anatómica: altura = base, así que el filtro de altura la agrupa como alta"
Polytech,Replicon 4Two,31632-305,anatomica,poliuretano,Microthane,Replicon 4Two AR - Proyección extra alta,305,11.2,11.2,5.2,9.2,Diagon\Gel 4Two,"Polytech (Biocablan, feb. 2021, nº 1) — datos/fuentes/polytech-biocablan-2021.pdf",28,"Arco (D) de la línea 4Two: no es la misma medida que el resto de Polytech ni que Motiva o Silimed, y el catálogo no la define. Base redonda con proyección anatómica: altura = base, así que el filtro de altura la agrupa como alta"
Polytech,Replicon 4Two,31631-285,anatomica,poliuretano,Microthane,Replicon 4Two AR - Proyección alta,285,11.6,11.6,4.6,8.9,Diagon\Gel 4Two,"Polytech (Biocablan, feb. 2021, nº 1) — datos/fuentes/polytech-biocablan-2021.pdf",28,"Arco (D) de la línea 4Two: no es la misma medida que el resto de Polytech ni que Motiva o Silimed, y el catálogo no la define. Base redonda con proyección anatómica: altura = base, así que el filtro de altura la agrupa como alta"
Polytech,Replicon 4Two,31632-335,anatomica,poliuretano,Microthane,Replicon 4Two AR - Proyección extra alta,335,11.6,11.6,5.4,9.6,Diagon\Gel 4Two,"Polytech (Biocablan, feb. 2021, nº 1) — datos/fuentes/polytech-biocablan-2021.pdf",28,"Arco (D) de la línea 4Two: no es la misma medida que el resto de Polytech ni que Motiva o Silimed, y el catálogo no la define. Base redonda con proyección anatómica: altura = base, así que el filtro de altura la agrupa como alta"
Polytech,Replicon 4Two,31631-315,anatomica,poliuretano,Microthane,Replicon 4Two AR - Proyección alta,315,12.0,12.0,4.8,9.2,Diagon\Gel 4Two,"Polytech (Biocablan, feb. 2021, nº 1) — datos/fuentes/polytech-biocablan-2021.pdf",28,"Arco (D) de la línea 4Two: no es la misma medida que el resto de Polytech ni que Motiva o Silimed, y el catálogo no la define. Base redonda con proyección anatómica: altura = base, así que el filtro de altura la agrupa como alta"
Polytech,Replicon 4Two,31632-365,anatomica,poliuretano,Microthane,Replicon 4Two AR - Proyección extra alta,365,12.0,12.0,5.6,9.9,Diagon\Gel 4Two,"Polytech (Biocablan, feb. 2021, nº 1) — datos/fuentes/polytech-biocablan-2021.pdf",28,"Arco (D) de la línea 4Two: no es la misma medida que el resto de Polytech ni que Motiva o Silimed, y el catálogo no la define. Base redonda con proyección anatómica: altura = base, así que el filtro de altura la agrupa como alta"
Polytech,Replicon 4Two,31631-345,anatomica,poliuretano,Microthane,Replicon 4Two AR - Proyección alta,345,12.4,12.4,5.0,9.6,Diagon\Gel 4Two,"Polytech (Biocablan, feb. 2021, nº 1) — datos/fuentes/polytech-biocablan-2021.pdf",28,"Arco (D) de la línea 4Two: no es la misma medida que el resto de Polytech ni que Motiva o Silimed, y el catálogo no la define. Base redonda con proyección anatómica: altura = base, así que el filtro de altura la agrupa como alta"
Polytech,Replicon 4Two,31632-390,anatomica,poliuretano,Microthane,Replicon 4Two AR - Proyección extra alta,390,12.4,12.4,5.8,10.3,Diagon\Gel 4Two,"Polytech (Biocablan, feb. 2021, nº 1) — datos/fuentes/polytech-biocablan-2021.pdf",28,"Arco (D) de la línea 4Two: no es la misma medida que el resto de Polytech ni que Motiva o Silimed, y el catálogo no la define. Base redonda con proyección anatómica: altura = base, así que el filtro de altura la agrupa como alta"
Polytech,Replicon 4Two,31631-400,anatomica,poliuretano,Microthane,Replicon 4Two AR - Proyección alta,400,12.8,12.8,5.2,9.9,Diagon\Gel 4Two,"Polytech (Biocablan, feb. 2021, nº 1) — datos/fuentes/polytech-biocablan-2021.pdf",28,"Arco (D) de la línea 4Two: no es la misma medida que el resto de Polytech ni que Motiva o Silimed, y el catálogo no la define. Base redonda con proyección anatómica: altura = base, así que el filtro de altura la agrupa como alta"
Polytech,Replicon 4Two,31632-465,anatomica,poliuretano,Microthane,Replicon 4Two AR - Proyección extra alta,465,12.8,12.8,6.0,10.6,Diagon\Gel 4Two,"Polytech (Biocablan, feb. 2021, nº 1) — datos/fuentes/polytech-biocablan-2021.pdf",28,"Arco (D) de la línea 4Two: no es la misma medida que el resto de Polytech ni que Motiva o Silimed, y el catálogo no la define. Base redonda con proyección anatómica: altura = base, así que el filtro de altura la agrupa como alta"
Polytech,Replicon 4Two,31631-440,anatomica,poliuretano,Microthane,Replicon 4Two AR - Proyección alta,440,13.2,13.2,5.4,10.3,Diagon\Gel 4Two,"Polytech (Biocablan, feb. 2021, nº 1) — datos/fuentes/polytech-biocablan-2021.pdf",28,"Arco (D) de la línea 4Two: no es la misma medida que el resto de Polytech ni que Motiva o Silimed, y el catálogo no la define. Base redonda con proyección anatómica: altura = base, así que el filtro de altura la agrupa como alta"
Polytech,Replicon 4Two,31632-500,anatomica,poliuretano,Microthane,Replicon 4Two AR - Proyección extra alta,500,13.2,13.2,6.2,11.0,Diagon\Gel 4Two,"Polytech (Biocablan, feb. 2021, nº 1) — datos/fuentes/polytech-biocablan-2021.pdf",28,"Arco (D) de la línea 4Two: no es la misma medida que el resto de Polytech ni que Motiva o Silimed, y el catálogo no la define. Base redonda con proyección anatómica: altura = base, así que el filtro de altura la agrupa como alta"
Polytech,Replicon 4Two,31631-480,anatomica,poliuretano,Microthane,Replicon 4Two AR - Proyección alta,480,13.6,13.6,5.6,10.6,Diagon\Gel 4Two,"Polytech (Biocablan, feb. 2021, nº 1) — datos/fuentes/polytech-biocablan-2021.pdf",28,"Arco (D) de la línea 4Two: no es la misma medida que el resto de Polytech ni que Motiva o Silimed, y el catálogo no la define. Base redonda con proyección anatómica: altura = base, así que el filtro de altura la agrupa como alta"
Motiva,Round SilkSurface,RSM-105,redonda,lisa,SilkSurface,Mini,105,8.5,8.5,2.2,5.0,,Aportado sin referencia de catálogo,,
Motiva,Round SilkSurface,RSD-135,redonda,lisa,SilkSurface,Demi,135,8.5,8.5,3.1,5.7,,Aportado sin referencia de catálogo,,
Motiva,Round SilkSurface,RSF-145,redonda,lisa,SilkSurface,Full,145,8.5,8.5,3.5,6.0,,Aportado sin referencia de catálogo,,
Motiva,Round SilkSurface,RSC-180,redonda,lisa,SilkSurface,Corsé,180,8.5,8.5,4.0,6.5,,Aportado sin referencia de catálogo,,
Motiva,Round SilkSurface,RSM-125,redonda,lisa,SilkSurface,Mini,125,9.0,9.0,2.3,5.3,,Aportado sin referencia de catálogo,,
Motiva,Round SilkSurface,RSD-155,redonda,lisa,SilkSurface,Demi,155,9.0,9.0,3.3,6.0,,Aportado sin referencia de catálogo,,
Motiva,Round SilkSurface,RSF-175,redonda,lisa,SilkSurface,Full,175,9.0,9.0,3.7,6.3,,Aportado sin referencia de catálogo,,
Motiva,Round SilkSurface,RSC-210,redonda,lisa,SilkSurface,Corsé,210,9.0,9.0,4.2,6.8,,Aportado sin referencia de catálogo,,
Motiva,Round SilkSurface,RSM-140,redonda,lisa,SilkSurface,Mini,140,9.5,9.5,2.4,5.5,,Aportado sin referencia de catálogo,,
Motiva,Round SilkSurface,RSD-180,redonda,lisa,SilkSurface,Demi,180,9.5,9.5,3.4,6.3,,Aportado sin referencia de catálogo,,
Motiva,Round SilkSurface,RSF-205,redonda,lisa,SilkSurface,Full,205,9.5,9.5,3.9,6.7,,Aportado sin referencia de catálogo,,
Motiva,Round SilkSurface,RSC-240,redonda,lisa,SilkSurface,Corsé,240,9.5,9.5,4.5,7.2,,Aportado sin referencia de catálogo,,
Motiva,Round SilkSurface,RSM-150,redonda,lisa,SilkSurface,Mini,150,9.75,9.75,2.4,5.6,,Aportado sin referencia de catálogo,,
Motiva,Round SilkSurface,RSD-190,redonda,lisa,SilkSurface,Demi,190,9.75,9.75,3.4,6.4,,Aportado sin referencia de catálogo,,
Motiva,Round SilkSurface,RSF-220,redonda,lisa,SilkSurface,Full,220,9.75,9.75,4.0,6.9,,Aportado sin referencia de catálogo,,
Motiva,Round SilkSurface,RSC-260,redonda,lisa,SilkSurface,Corsé,260,9.75,9.75,4.6,7.4,,Aportado sin referencia de catálogo,,
Motiva,Round SilkSurface,RSM-160,redonda,lisa,SilkSurface,Mini,160,10.0,10.0,2.5,5.8,,Aportado sin referencia de catálogo,,
Motiva,Round SilkSurface,RSD-205,redonda,lisa,SilkSurface,Demi,205,10.0,10.0,3.5,6.5,,Aportado sin referencia de catálogo,,
Motiva,Round SilkSurface,RSF-235,redonda,lisa,SilkSurface,Full,235,10.0,10.0,4.1,7.1,,Aportado sin referencia de catálogo,,
Motiva,Round SilkSurface,RSC-280,redonda,lisa,SilkSurface,Corsé,280,10.0,10.0,4.8,7.7,,Aportado sin referencia de catálogo,,
Motiva,Round SilkSurface,RSM-170,redonda,lisa,SilkSurface,Mini,170,10.25,10.25,2.5,5.9,,Aportado sin referencia de catálogo,,
Motiva,Round SilkSurface,RSD-215,redonda,lisa,SilkSurface,Demi,215,10.25,10.25,3.5,6.6,,Aportado sin referencia de catálogo,,
Motiva,Round SilkSurface,RSF-255,redonda,lisa,SilkSurface,Full,255,10.25,10.25,4.2,7.2,,Aportado sin referencia de catálogo,,
Motiva,Round SilkSurface,RSC-300,redonda,lisa,SilkSurface,Corsé,300,10.25,10.25,4.9,7.9,,Aportado sin referencia de catálogo,,
Motiva,Round SilkSurface,RSM-185,redonda,lisa,SilkSurface,Mini,185,10.5,10.5,2.6,6.1,,Aportado sin referencia de catálogo,,
Motiva,Round SilkSurface,RSD-230,redonda,lisa,SilkSurface,Demi,230,10.5,10.5,3.6,6.8,,Aportado sin referencia de catálogo,,
Motiva,Round SilkSurface,RSF-275,redonda,lisa,SilkSurface,Full,275,10.5,10.5,4.3,7.4,,Aportado sin referencia de catálogo,,
Motiva,Round SilkSurface,RSC-325,redonda,lisa,SilkSurface,Corsé,325,10.5,10.5,5.1,8.2,,Aportado sin referencia de catálogo,,
Motiva,Round SilkSurface,RSM-205,redonda,lisa,SilkSurface,Mini,205,10.75,10.75,2.6,6.2,,Aportado sin referencia de catálogo,,
Motiva,Round SilkSurface,RSD-245,redonda,lisa,SilkSurface,Demi,245,10.75,10.75,3.7,7.0,,Aportado sin referencia de catálogo,,
Motiva,Round SilkSurface,RSF-295,redonda,lisa,SilkSurface,Full,295,10.75,10.75,4.4,7.6,,Aportado sin referencia de catálogo,,
Motiva,Round SilkSurface,RSC-350,redonda,lisa,SilkSurface,Corsé,350,10.75,10.75,5.2,8.3,,Aportado sin referencia de catálogo,,
Motiva,Round SilkSurface,RSM-220,redonda,lisa,SilkSurface,Mini,220,11.0,11.0,2.7,6.4,,Aportado sin referencia de catálogo,,
Motiva,Round SilkSurface,RSD-265,redonda,lisa,SilkSurface,Demi,265,11.0,11.0,3.8,7.1,,Aportado sin referencia de catálogo,,
Motiva,Round SilkSurface,RSF-315,redonda,lisa,SilkSurface,Full,315,11.0,11.0,4.5,7.7,,Aportado sin referencia de catálogo,,
Motiva,Round SilkSurface,RSC-380,redonda,lisa,SilkSurface,Corsé,380,11.0,11.0,5.4,8.6,,Aportado sin referencia de catálogo,,
Motiva,Round SilkSurface,RSM-230,redonda,lisa,SilkSurface,Mini,230,11.25,11.25,2.7,6.5,,Aportado sin referencia de catálogo,,
Motiva,Round SilkSurface,RSD-285,redonda,lisa,SilkSurface,Demi,285,11.25,11.25,3.8,7.2,,Aportado sin referencia de catálogo,,
Motiva,Round SilkSurface,RSF-335,redonda,lisa,SilkSurface,Full,335,11.25,11.25,4.6,7.9,,Aportado sin referencia de catálogo,,
Motiva,Round SilkSurface,RSC-410,redonda,lisa,SilkSurface,Corsé,410,11.25,11.25,5.5,8.7,,Aportado sin referencia de catálogo,,
Motiva,Round SilkSurface,RSM-245,redonda,lisa,SilkSurface,Mini,245,11.5,11.5,2.8,6.6,,Aportado sin referencia de catálogo,,
Motiva,Round SilkSurface,RSD-300,redonda,lisa,SilkSurface,Demi,300,11.5,11.5,3.9,7.4,,Aportado sin referencia de catálogo,,
Motiva,Round SilkSurface,RSF-355,redonda,lisa,SilkSurface,Full,355,11.5,11.5,4.7,8.1,,Aportado sin referencia de catálogo,,
Motiva,Round SilkSurface,RSC-440,redonda,lisa,SilkSurface,Corsé,440,11.5,11.5,5.7,9.0,,Aportado sin referencia de catálogo,,
Motiva,Round SilkSurface,RSM-260,redonda,lisa,SilkSurface,Mini,260,11.75,11.75,2.8,6.7,,Aportado sin referencia de catálogo,,
Motiva,Round SilkSurface,RSD-320,redonda,lisa,SilkSurface,Demi,320,11.75,11.75,3.9,7.5,,Aportado sin referencia de catálogo,,
Motiva,Round SilkSurface,RSF-375,redonda,lisa,SilkSurface,Full,375,11.75,11.75,4.8,8.2,,Aportado sin referencia de catálogo,,
Motiva,Round SilkSurface,RSC-475,redonda,lisa,SilkSurface,Corsé,475,11.75,11.75,5.8,9.2,,Aportado sin referencia de catálogo,,
Motiva,Round SilkSurface,RSM-275,redonda,lisa,SilkSurface,Mini,275,12.0,12.0,2.9,6.9,,Aportado sin referencia de catálogo,,
Motiva,Round SilkSurface,RSD-340,redonda,lisa,SilkSurface,Demi,340,12.0,12.0,4.0,7.7,,Aportado sin referencia de catálogo,,
Motiva,Round SilkSurface,RSF-400,redonda,lisa,SilkSurface,Full,400,12.0,12.0,4.9,8.4,,Aportado sin referencia de catálogo,,
Motiva,Round SilkSurface,RSC-510,redonda,lisa,SilkSurface,Corsé,510,12.0,12.0,6.0,9.5,,Aportado sin referencia de catálogo,,
Motiva,Round SilkSurface,RSM-290,redonda,lisa,SilkSurface,Mini,290,12.25,12.25,2.9,7.0,,Aportado sin referencia de catálogo,,
Motiva,Round SilkSurface,RSD-360,redonda,lisa,SilkSurface,Demi,360,12.25,12.25,4.0,7.8,,Aportado sin referencia de catálogo,,
Motiva,Round SilkSurface,RSF-425,redonda,lisa,SilkSurface,Full,425,12.25,12.25,5.0,8.6,,Aportado sin referencia de catálogo,,
Motiva,Round SilkSurface,RSC-550,redonda,lisa,SilkSurface,Corsé,550,12.25,12.25,6.1,9.6,,Aportado sin referencia de catálogo,,
Motiva,Round SilkSurface,RSM-310,redonda,lisa,SilkSurface,Mini,310,12.5,12.5,3.0,7.2,,Aportado sin referencia de catálogo,,
Motiva,Round SilkSurface,RSD-380,redonda,lisa,SilkSurface,Demi,380,12.5,12.5,4.1,7.9,,Aportado sin referencia de catálogo,,
Motiva,Round SilkSurface,RSF-450,redonda,lisa,SilkSurface,Full,450,12.5,12.5,5.1,8.8,,Aportado sin referencia de catálogo,,
Motiva,Round SilkSurface,RSC-590,redonda,lisa,SilkSurface,Corsé,590,12.5,12.5,6.3,9.9,,Aportado sin referencia de catálogo,,
Motiva,Round SilkSurface,RSM-360,redonda,lisa,SilkSurface,Mini,360,13.0,13.0,3.1,7.5,,Aportado sin referencia de catálogo,,
Motiva,Round SilkSurface,RSD-425,redonda,lisa,SilkSurface,Demi,425,13.0,13.0,4.3,8.3,,Aportado sin referencia de catálogo,,
Motiva,Round SilkSurface,RSF-500,redonda,lisa,SilkSurface,Full,500,13.0,13.0,5.3,9.1,,Aportado sin referencia de catálogo,,
Motiva,Round SilkSurface,RSC-650,redonda,lisa,SilkSurface,Corsé,650,13.0,13.0,6.6,10.3,,Aportado sin referencia de catálogo,,
Motiva,Round SilkSurface,RSM-400,redonda,lisa,SilkSurface,Mini,400,13.5,13.5,3.2,7.7,,Aportado sin referencia de catálogo,,
Motiva,Round SilkSurface,RSD-475,redonda,lisa,SilkSurface,Demi,475,13.5,13.5,4.4,8.5,,Aportado sin referencia de catálogo,,
Motiva,Round SilkSurface,RSF-550,redonda,lisa,SilkSurface,Full,550,13.5,13.5,5.5,9.5,,Aportado sin referencia de catálogo,,
Motiva,Round SilkSurface,RSC-725,redonda,lisa,SilkSurface,Corsé,725,13.5,13.5,6.9,10.8,,Aportado sin referencia de catálogo,,
Motiva,Round SilkSurface,RSM-430,redonda,lisa,SilkSurface,Mini,430,14.0,14.0,3.3,8.0,,Aportado sin referencia de catálogo,,
Motiva,Round SilkSurface,RSD-525,redonda,lisa,SilkSurface,Demi,525,14.0,14.0,4.5,8.8,,Aportado sin referencia de catálogo,,
Motiva,Round SilkSurface,RSF-625,redonda,lisa,SilkSurface,Full,625,14.0,14.0,5.7,9.8,,Aportado sin referencia de catálogo,,
Motiva,Round SilkSurface,RSC-825,redonda,lisa,SilkSurface,Corsé,825,14.0,14.0,7.2,11.2,,Aportado sin referencia de catálogo,,
Motiva,Round SilkSurface,RSM-475,redonda,lisa,SilkSurface,Mini,475,14.5,14.5,3.4,8.3,,Aportado sin referencia de catálogo,,
Motiva,Round SilkSurface,RSD-575,redonda,lisa,SilkSurface,Demi,575,14.5,14.5,4.6,9.1,,Aportado sin referencia de catálogo,,
Motiva,Round SilkSurface,RSF-700,redonda,lisa,SilkSurface,Full,700,14.5,14.5,5.9,10.2,,Aportado sin referencia de catálogo,,
Motiva,Round SilkSurface,RSC-925,redonda,lisa,SilkSurface,Corsé,925,14.5,14.5,7.5,11.7,,Aportado sin referencia de catálogo,,
